frame,site,drive,pose,landing_x,landing_y,landing_z,northing,easting,planetocentric_latitude,planetodetic_latitude,longitude,elevation,map_pixel_line,map_pixel_sample,dem_pixel_line,dem_pixel_sample,roll,pitch,yaw,sclk,sol
SITE,1,-1,-1,0,0,0,-272039.268,8146811.223,-4.589466996,-4.643738049,137.441633,-4501.04,2101.07,23092.89,526.19,5773.73,0,0,0,397502188,0
ROVER,1,0,0,0,0,0,-272039.268,8146811.223,-4.589466996,-4.643738049,137.441633,-4501.04,2101.07,23092.89,526.19,5773.73,-2.414,-3.612,112.722,397502188,0
SITE,2,-1,-1,0,0,0,-272039.268,8146811.223,-4.589466996,-4.643738049,137.441633,-4501.04,2101.07,23092.89,526.19,5773.73,0,0,0,397673022,2
ROVER,2,0,0,0,0,0,-272039.268,8146811.223,-4.589466996,-4.643738049,137.441633,-4501.04,2101.07,23092.89,526.19,5773.73,-2.422,-3.618,111.519,397673022,2
SITE,3,-1,-1,0,0,0,-272039.268,8146811.223,-4.589466996,-4.643738049,137.441633,-4501.04,2101.07,23092.89,526.19,5773.73,0,0,0,397937710,5
ROVER,3,0,0,0,0,0,-272039.268,8146811.223,-4.589466996,-4.643738049,137.441633,-4501.04,2101.07,23092.89,526.19,5773.73,-2.422,-3.618,111.519,397937710,5
ROVER,3,78,-1,0.118,5.987,0.17,-272039.15,8146817.21,-4.589465001,-4.64373603,137.441734,-4501.21,2100.6,23116.84,526.07,5779.72,-1.329,5.414,-132.025,398917746,16
ROVER,3,100,-1,3.922,3.14,0.44,-272035.346,8146814.363,-4.58940083,-4.643671107,137.441686,-4501.48,2085.38,23105.45,522.27,5776.87,-2.905,4.657,-164.689,399361043,21
ROVER,3,260,-1,3.786,15.384,1.34,-272035.482,8146826.607,-4.589403124,-4.643673428,137.4418925,-4502.38,2085.93,23154.43,522.41,5789.11,-1.283,-4.294,64.617,399450377,22
ROVER,3,372,-1,1.188,32.502,1.56,-272038.08,8146843.725,-4.589446954,-4.643717772,137.4421813,-4502.6,2096.32,23222.9,525,5806.23,-1.37,-1.65,116.5,399622879,24
ROVER,3,530,-1,-16.736,49.968,1.99,-272056.004,8146861.191,-4.589749343,-4.644023705,137.442476,-4503.03,2168.02,23292.76,542.93,5823.7,0.25,-1.391,45.225,399803902,26
SITE,4,-1,-1,-38.781,74.736,2.49,-272078.049,8146885.959,-4.590121255,-4.644399977,137.4428938,-4503.53,2256.2,23391.84,564.97,5848.47,0,0,0,400069973,29
ROVER,4,0,4,-38.781,74.736,2.49,-272078.049,8146885.959,-4.590121255,-4.644399977,137.4428938,-4503.53,2256.2,23391.84,564.97,5848.47,-2.318,2.844,-120.443,400069973,29
ROVER,4,404,-1,-46.027,98.906,3.58,-272085.295,8146910.129,-4.5902435,-4.644523654,137.4433016,-4504.62,2285.18,23488.52,572.22,5872.64,-3.112,-0.271,90.57,400867743,38
ROVER,4,468,-1,-50.472,120.343,3.66,-272089.74,8146931.566,-4.590318489,-4.644599523,137.4436633,-4504.7,2302.96,23574.26,576.66,5894.07,-6.185,2.205,85.532,400954875,39
ROVER,4,916,-1,-33.755,150.834,3.41,-272073.023,8146962.057,-4.590036464,-4.644314191,137.4441777,-4504.45,2236.09,23696.23,559.95,5924.56,0.859,0,89.246,401046242,40
ROVER,4,1238,-1,-22.502,174.738,3.84,-272061.77,8146985.961,-4.589846619,-4.644122121,137.4445809,-4504.88,2191.08,23791.84,548.69,5948.47,-1.775,-0.962,89.246,401133455,41
ROVER,4,1632,-1,-34.062,202.595,6.14,-272073.33,8147013.818,-4.590041643,-4.644319431,137.4450509,-4507.18,2237.32,23903.27,560.25,5976.33,-1.932,-3.781,109.8,401224041,42
ROVER,4,2002,-1,-59.822,217.982,6.87,-272099.09,8147029.205,-4.59047623,-4.644759112,137.4453105,-4507.91,2340.36,23964.82,586.01,5991.71,-0.906,-3.452,82.028,401314567,43
ROVER,4,2100,-1,-57.382,220.187,7.02,-272096.65,8147031.41,-4.590435065,-4.644717465,137.4453477,-4508.06,2330.6,23973.64,583.57,5993.92,-3.628,-1.454,124.338,401490801,45
ROVER,4,2644,-1,-49.398,258.849,9.33,-272088.666,8147070.072,-4.59030037,-4.644581192,137.4459999,-4510.37,2298.66,24128.29,575.59,6032.58,-3.26,2.03,171.292,401759192,48
ROVER,4,2778,-1,-49.699,288.867,11.05,-272088.967,8147100.09,-4.590305449,-4.644586329,137.4465064,-4512.09,2299.87,24248.36,575.89,6062.6,-4.358,-2.644,89.2,401845898,49
ROVER,4,2956,-1,-42.011,336.175,14.57,-272081.279,8147147.398,-4.590175747,-4.644455108,137.4473045,-4515.61,2269.12,24437.59,568.2,6109.91,1.111,-3.697,45.225,401934397,50
ROVER,4,3200,-1,-35.261,371.49,15.56,-272074.529,8147182.713,-4.590061871,-4.644339896,137.4479003,-4516.6,2242.12,24578.85,561.45,6145.22,-2.536,0.787,99.75,402111344,52
ROVER,4,3232,-1,-35.464,373.861,15.51,-272074.732,8147185.084,-4.590065295,-4.644343361,137.4479403,-4516.55,2242.93,24588.34,561.66,6147.59,-3.875,1.946,81.417,402200721,53
ROVER,4,3416,-1,-35.31,394.984,16.81,-272074.578,8147206.207,-4.590062697,-4.644340733,137.4482966,-4517.85,2242.31,24672.83,561.5,6168.71,5.373,-1.328,0.194,402378609,55
ROVER,4,3474,-1,-32.582,398.201,16.87,-272071.85,8147209.424,-4.590016674,-4.64429417,137.4483509,-4517.91,2231.4,24685.7,558.77,6171.93,-0.526,1.359,-77.482,402464170,56
SITE,5,-1,-1,-32.753,397.509,16.87,-272072.021,8147208.732,-4.590019559,-4.644297089,137.4483392,-4517.91,2232.08,24682.93,558.95,6171.24,0,0,0,402562383,57
ROVER,5,0,2,-32.753,397.509,16.87,-272072.021,8147208.732,-4.590019559,-4.644297089,137.4483392,-4517.91,2232.08,24682.93,558.95,6171.24,-0.642,1.238,-77.219,402562383,57
ROVER,5,104,-1,-31.337,397.662,16.85,-272070.605,8147208.885,-4.58999567,-4.64427292,137.4483418,-4517.89,2226.42,24683.54,557.53,6171.39,-4.508,1.498,-83.337,402733717,59
ROVER,5,178,-1,-32.869,395.791,16.86,-272072.137,8147207.014,-4.590021516,-4.644299069,137.4483102,-4517.9,2232.55,24676.06,559.06,6169.52,-3.243,5.444,-87.688,406374559,100
ROVER,5,388,-1,-28.466,418.603,17.26,-272067.734,8147229.826,-4.589947235,-4.644223917,137.4486951,-4518.3,2214.94,24767.3,554.66,6192.33,8.228,3.969,87.841,406553432,102
ROVER,5,432,-1,-26.937,417.459,17.19,-272066.205,8147228.682,-4.58992144,-4.644197819,137.4486758,-4518.23,2208.82,24762.73,553.13,6191.19,4.87,5.688,56.201,407351736,111
ROVER,5,742,-1,-57.824,426.595,17.22,-272097.092,8147237.818,-4.590442522,-4.64472501,137.4488299,-4518.26,2332.37,24799.27,584.02,6200.33,0.688,-3.855,45.57,408149150,120
ROVER,5,926,-1,-48.269,443.052,17.62,-272087.537,8147254.275,-4.590281324,-4.644561921,137.4491076,-4518.66,2294.15,24865.1,574.46,6216.78,1.958,1.464,23.891,408240916,121
ROVER,5,938,-1,-47.873,443.865,17.63,-272087.141,8147255.088,-4.590274643,-4.644555162,137.4491213,-4518.67,2292.56,24868.35,574.07,6217.6,3.414,-2.654,65.281,408324413,122
ROVER,5,1070,-1,-34.8,457.379,18.74,-272074.068,8147268.602,-4.590054093,-4.644332028,137.4493493,-4519.78,2240.27,24922.41,560.99,6231.11,-3.052,-5.921,36.898,408415701,123
ROVER,5,1216,-1,-23.607,453.109,18.93,-272062.875,8147264.332,-4.589865261,-4.644140982,137.4492772,-4519.97,2195.5,24905.33,549.8,6226.84,-1.366,-6.431,32.927,408503877,124
ROVER,5,1398,-1,-10.06,456.273,19.85,-272049.328,8147267.496,-4.589636715,-4.643909756,137.4493306,-4520.89,2141.31,24917.98,536.25,6230,1.428,3.078,-90.19,408589843,125
ROVER,5,1576,-1,14.03,459.402,20.28,-272025.238,8147270.625,-4.589230302,-4.64349858,137.4493834,-4521.32,2044.95,24930.5,512.16,6233.13,3.482,-2.944,45.434,408771786,127
ROVER,5,1662,-1,19.567,459.673,19.95,-272019.701,8147270.896,-4.589136889,-4.643404072,137.449388,-4520.99,2022.8,24931.58,506.63,6233.4,1.064,6.92,-35.944,409036697,130
ROVER,5,1858,-1,0.245,451.996,19.96,-272039.023,8147263.219,-4.589462863,-4.643733867,137.4492584,-4521,2100.09,24900.88,525.95,6225.73,-2.572,3.848,-145.347,409306669,133
ROVER,5,1902,-1,-2.279,450.619,19.83,-272041.547,8147261.842,-4.589505444,-4.643776948,137.4492352,-4520.87,2110.19,24895.37,528.47,6224.35,-2.428,3.141,-156.854,410543104,147
ROVER,5,1916,-1,-2.896,450.351,19.75,-272042.164,8147261.574,-4.589515854,-4.643787479,137.4492307,-4520.79,2112.66,24894.3,529.09,6224.08,-3.766,6.305,-155.69,410902209,151
ROVER,5,1954,-1,-5.019,449.879,19.64,-272044.287,8147261.102,-4.58955167,-4.643823715,137.4492227,-4520.68,2121.15,24892.41,531.21,6223.61,-6.328,7.475,-159.292,410988411,152
ROVER,5,1986,-1,-4.002,450.798,19.85,-272043.27,8147262.021,-4.589534512,-4.643806356,137.4492382,-4520.89,2117.08,24896.08,530.19,6224.53,-2.837,7.486,-136.245,411614509,159
ROVER,5,2022,-1,-1.759,449.58,19.68,-272041.027,8147260.803,-4.589496672,-4.643768072,137.4492177,-4520.72,2108.11,24891.21,527.95,6223.31,-4.207,1.305,152.027,411874269,162
ROVER,5,2028,-1,-0.779,449.058,19.75,-272040.047,8147260.281,-4.589480139,-4.643751345,137.4492089,-4520.79,2104.19,24889.12,526.97,6222.79,-4.39,0.437,152.131,411874372,162
ROVER,5,2094,-1,-0.025,447.648,19.66,-272039.293,8147258.871,-4.589467418,-4.643738475,137.4491851,-4520.7,2101.17,24883.48,526.22,6221.38,-3.594,4.798,-160.109,411875011,162
ROVER,5,2182,-1,0.961,445.015,19.52,-272038.307,8147256.238,-4.589450784,-4.643721646,137.4491407,-4520.56,2097.23,24872.95,525.23,6218.75,-0.589,5.281,-139.62,411876469,162
ROVER,5,2200,-1,-0.535,443.832,19.35,-272039.803,8147255.055,-4.589476022,-4.64374718,137.4491207,-4520.39,2103.21,24868.22,526.73,6217.56,-1.747,6.259,-138.265,411960324,163
ROVER,5,2232,-1,0.95,445.25,19.53,-272038.318,8147256.473,-4.589450969,-4.643721834,137.4491446,-4520.57,2097.27,24873.89,525.24,6218.98,-0.675,4.757,-139.127,412053451,164
ROVER,5,2270,-1,0,444.748,19.41,-272039.268,8147255.971,-4.589466996,-4.643738049,137.4491362,-4520.45,2101.07,24871.88,526.19,6218.48,-1.011,5.598,-159.212,412053892,164
SITE,6,-1,-1,-1.06,444.357,19.4,-272040.328,8147255.58,-4.589484879,-4.643756141,137.4491296,-4520.44,2105.31,24870.32,527.25,6218.09,0,0,0,412233503,166
ROVER,6,0,14,-1.06,444.357,19.4,-272040.328,8147255.58,-4.589484879,-4.643756141,137.4491296,-4520.44,2105.31,24870.32,527.25,6218.09,-4.113,3.003,165.72,412233503,166
ROVER,6,68,-1,0,443.582,19.29,-272039.268,8147254.805,-4.589466996,-4.643738049,137.4491165,-4520.33,2101.07,24867.22,526.19,6217.31,-4.082,2.384,-161.316,421639967,272
ROVER,6,82,-1,-0.691,443.347,19.22,-272039.959,8147254.57,-4.589478654,-4.643749843,137.4491125,-4520.26,2103.84,24866.28,526.88,6217.08,-3.687,2.716,-159.926,421819694,274
ROVER,6,116,-1,-2.043,443.32,19.21,-272041.311,8147254.543,-4.589501463,-4.643772919,137.4491121,-4520.25,2109.24,24866.17,528.24,6217.05,-0.64,-4.237,40.929,423681824,295
ROVER,6,224,-1,-6.162,452.986,19.84,-272045.43,8147264.209,-4.589570953,-4.643843224,137.4492751,-4520.88,2125.72,24904.84,532.35,6226.72,-2.229,4.321,-126.358,423861699,297
ROVER,6,308,-1,-11.488,446.662,18.75,-272050.756,8147257.885,-4.589660806,-4.64393413,137.4491685,-4519.79,2147.02,24879.54,537.68,6220.39,-4.851,2.993,-127.639,424045530,299
ROVER,6,410,-1,-16.476,436.427,18.2,-272055.744,8147247.65,-4.589744956,-4.644019267,137.4489958,-4519.24,2166.98,24838.6,542.67,6210.16,-1.164,2.432,-115.615,424218823,301
ROVER,6,450,-1,-18.459,434.519,17.77,-272057.727,8147245.742,-4.589778411,-4.644053114,137.4489636,-4518.81,2174.91,24830.97,544.65,6208.25,-2.956,8.6,-144.856,424306907,302
ROVER,6,560,-1,-40.375,452.974,18.17,-272079.643,8147264.197,-4.590148147,-4.644427184,137.4492749,-4519.21,2262.57,24904.79,566.57,6226.7,-5.918,4.81,151.105,424748148,307
ROVER,6,646,-1,-54.002,439.818,17.33,-272093.27,8147251.041,-4.590378043,-4.644659774,137.449053,-4518.37,2317.08,24852.16,580.19,6213.55,-0.672,5.317,-125.186,424834917,308
ROVER,6,658,-1,-53.752,438.091,17.19,-272093.02,8147249.314,-4.590373825,-4.644655507,137.4490239,-4518.23,2316.08,24845.26,579.94,6211.82,4.232,11.421,-89.96,424931736,309
ROVER,6,704,-1,-58.552,431.343,17.22,-272097.82,8147242.566,-4.590454804,-4.644737435,137.44891,-4518.26,2335.28,24818.26,584.74,6205.07,6.111,0.747,104.848,425281103,313
ROVER,6,804,-1,-61.63,425.611,17.02,-272100.898,8147236.834,-4.590506732,-4.644789972,137.4488133,-4518.06,2347.59,24795.34,587.82,6199.34,-4.121,4.402,160.347,425639020,317
SITE,7,-1,-1,-43.603,420.564,17.36,-272082.871,8147231.787,-4.590202605,-4.64448228,137.4487282,-4518.4,2275.48,24775.15,569.8,6194.29,0,0,0,426264349,324
ROVER,7,0,0,-43.603,420.564,17.36,-272082.871,8147231.787,-4.590202605,-4.64448228,137.4487282,-4518.4,2275.48,24775.15,569.8,6194.29,3.252,2.556,166.614,426264349,324
ROVER,7,136,-1,-42.804,384.339,15.57,-272082.072,8147195.562,-4.590189126,-4.644468643,137.448117,-4516.61,2272.29,24630.25,569,6158.07,0.806,11.843,-118.976,426527327,327
ROVER,7,270,-1,-43.572,349.834,14.38,-272082.84,8147161.057,-4.590202082,-4.644481751,137.4475349,-4515.42,2275.36,24492.23,569.76,6123.56,2.065,2.244,-115.714,426711838,329
ROVER,7,368,-1,-62.093,330.759,12.82,-272101.361,8147141.982,-4.590514543,-4.644797874,137.4472131,-4513.86,2349.44,24415.93,588.29,6104.49,-0.477,5.842,-138.891,426882212,331
SITE,8,-1,-1,-73.378,323.375,11.81,-272112.646,8147134.598,-4.590704928,-4.644990491,137.4470885,-4512.85,2394.58,24386.39,599.57,6097.11,0,0,0,427068249,333
ROVER,8,0,0,-73.378,323.375,11.81,-272112.646,8147134.598,-4.590704928,-4.644990491,137.4470885,-4512.85,2394.58,24386.39,599.57,6097.11,-3.295,1.204,-162.28,427068249,333
ROVER,8,132,-1,-101.763,302.558,9.96,-272141.031,8147113.781,-4.5911838,-4.645474976,137.4467373,-4511,2508.12,24303.12,627.96,6076.29,2.146,5.663,-141.069,427234963,335
ROVER,8,234,-1,-117.648,275.939,8.1,-272156.916,8147087.162,-4.591451789,-4.645746107,137.4462883,-4509.14,2571.66,24196.65,643.84,6049.67,-0.258,5.333,-120.11,427323034,336
ROVER,8,494,-1,-136.406,243.423,5.84,-272175.674,8147054.646,-4.591768248,-4.646066276,137.4457397,-4506.88,2646.7,24066.58,662.6,6017.15,-1.419,4.454,-117.919,427416322,337
ROVER,8,610,-1,-155.007,216.748,3.83,-272194.275,8147027.971,-4.592082058,-4.646383764,137.4452897,-4504.87,2721.1,23959.88,681.2,5990.48,-1.711,3.704,-122.416,427501344,338
SITE,9,-1,-1,-212.166,155.125,2.88,-272251.434,8146966.348,-4.593046365,-4.647359374,137.44425,-4503.92,2949.74,23713.39,738.36,5928.86,0,0,0,427685449,340
ROVER,9,0,0,-212.166,155.125,2.88,-272251.434,8146966.348,-4.593046365,-4.647359374,137.44425,-4503.92,2949.74,23713.39,738.36,5928.86,1.599,-0.604,-117.354,427685449,340
ROVER,9,236,-1,-258.685,119.711,-0.05,-272297.953,8146930.934,-4.593831169,-4.648153377,137.4436526,-4500.99,3135.81,23571.74,784.88,5893.44,1.642,3.73,-153.338,427858740,342
ROVER,9,366,-1,-259.031,87.177,-0.88,-272298.299,8146898.4,-4.593837006,-4.648159283,137.4431037,-4500.16,3137.2,23441.6,785.22,5860.91,3.019,2.264,-118.559,427947549,343
SITE,10,-1,-1,-272.916,19.779,-1.37,-272312.184,8146831.002,-4.594071254,-4.648396277,137.4419667,-4499.67,3192.74,23172.01,799.11,5793.51,0,0,0,428038072,344
ROVER,10,0,0,-272.916,19.779,-1.37,-272312.184,8146831.002,-4.594071254,-4.648396277,137.4419667,-4499.67,3192.74,23172.01,799.11,5793.51,-4.326,0.268,-119.5,428038072,344
ROVER,10,288,-1,-308.113,-37.592,-1.37,-272347.381,8146773.631,-4.594665049,-4.648997032,137.4409988,-4499.67,3333.52,22942.52,834.31,5736.14,-0.143,-2.338,-124.771,428121478,345
ROVER,10,508,-1,-338.732,-87.565,-1.64,-272378,8146723.658,-4.59518161,-4.649519648,137.4401557,-4499.4,3456,22742.63,864.92,5686.17,-4.119,-1.321,-149.804,428296000,347
SITE,11,-1,-1,-405.503,-104.03,-0.84,-272444.771,8146707.193,-4.596308077,-4.650659319,137.4398779,-4500.2,3723.08,22676.77,931.7,5669.7,0,0,0,428490124,349
ROVER,11,0,0,-405.503,-104.03,-0.84,-272444.771,8146707.193,-4.596308077,-4.650659319,137.4398779,-4500.2,3723.08,22676.77,931.7,5669.7,0.669,0.693,-150.875,428490124,349
ROVER,11,302,-1,-438.158,-179.682,0.33,-272477.426,8146631.541,-4.596858987,-4.651216686,137.4386017,-4501.37,3853.7,22374.16,964.35,5594.05,0.324,1.814,-125.011,428653101,351
ROVER,11,522,-1,-435.798,-225.555,-0.55,-272475.066,8146585.668,-4.596819172,-4.651176405,137.4378277,-4500.49,3844.26,22190.67,961.99,5548.18,1.022,3.969,-125.016,428922255,354
ROVER,11,748,-1,-443.591,-274.002,-0.08,-272482.859,8146537.221,-4.596950645,-4.651309419,137.4370104,-4500.96,3875.44,21996.88,969.78,5499.73,1.073,-0.195,-154.941,429099474,356
SITE,12,-1,-1,-476.98,-279.131,-0.47,-272516.248,8146532.092,-4.597513937,-4.651879314,137.4369239,-4500.57,4008.99,21976.37,1003.17,5494.6,0,0,0,429282771,358
ROVER,12,0,0,-476.98,-279.131,-0.47,-272516.248,8146532.092,-4.597513937,-4.651879314,137.4369239,-4500.57,4008.99,21976.37,1003.17,5494.6,-2.054,3.435,-165.913,429282771,358
ROVER,12,244,-1,-539.209,-310.032,0.38,-272578.477,8146501.191,-4.598563778,-4.65294146,137.4364026,-4501.42,4257.91,21852.76,1065.4,5463.7,-1.484,3.587,-157.022,429543008,361
ROVER,12,560,-1,-563.738,-388.336,1.02,-272603.006,8146422.887,-4.598977597,-4.65336013,137.4350815,-4502.06,4356.02,21539.55,1089.93,5385.39,-1.539,-0.339,-144.117,429721227,363
ROVER,12,690,-1,-579.252,-409.176,1.03,-272618.52,8146402.047,-4.599239328,-4.653624928,137.43473,-4502.07,4418.08,21456.19,1105.44,5364.55,-1.864,0.714,-134.89,429900863,365
SITE,13,-1,-1,-617.886,-467.86,2.37,-272657.154,8146343.363,-4.599891107,-4.654284347,137.4337399,-4503.41,4572.62,21221.45,1144.08,5305.87,0,0,0,430259875,369
ROVER,13,0,0,-617.886,-467.86,2.37,-272657.154,8146343.363,-4.599891107,-4.654284347,137.4337399,-4503.41,4572.62,21221.45,1144.08,5305.87,-2.74,0.564,-145.095,430259875,369
ROVER,13,292,-1,-624.605,-537.793,2.21,-272663.873,8146273.43,-4.60000446,-4.654399029,137.4325601,-4503.25,4599.49,20941.72,1150.8,5235.94,-0.504,0.835,-150.27,430345675,370
ROVER,13,974,-1,-638.728,-626.078,2.25,-272677.996,8146185.145,-4.600242724,-4.654640086,137.4310707,-4503.29,4655.98,20588.58,1164.92,5147.65,-4.917,6.093,-155.861,430435107,371
SITE,14,-1,-1,-655,-660.438,1.07,-272694.268,8146150.785,-4.600517243,-4.654917822,137.430491,-4502.11,4721.07,20451.14,1181.19,5113.29,0,0,0,430521511,372
ROVER,14,0,0,-655,-660.438,1.07,-272694.268,8146150.785,-4.600517243,-4.654917822,137.430491,-4502.11,4721.07,20451.14,1181.19,5113.29,1.529,3.146,-144.41,430521511,372
ROVER,14,156,-1,-688.92,-651.412,0.68,-272728.188,8146159.811,-4.601089493,-4.65549678,137.4306433,-4501.72,4856.75,20487.24,1215.11,5122.32,0.023,0.96,-152.072,430696271,374
ROVER,14,454,-1,-721.648,-677.198,2.44,-272760.916,8146134.025,-4.601641635,-4.656055393,137.4302083,-4503.48,4987.66,20384.1,1247.84,5096.53,-3.852,1.203,-149.179,430877688,376
ROVER,14,800,-1,-756.388,-712.825,1.39,-272795.656,8146098.398,-4.602227719,-4.656648347,137.4296072,-4502.43,5126.62,20241.59,1282.58,5060.91,-2.713,1.75,-138.851,430966041,377
ROVER,14,1132,-1,-823.791,-768.928,2.17,-272863.059,8146042.295,-4.603364849,-4.657798805,137.4286607,-4503.21,5396.24,20017.18,1349.98,5004.8,-0.059,-0.118,-137.425,431052023,378
ROVER,14,1262,-1,-829.347,-782.713,1.49,-272868.615,8146028.51,-4.603458582,-4.657893637,137.4284282,-4502.53,5418.46,19962.04,1355.54,4991.02,-2.087,1.361,-129.898,431140285,379
SITE,15,-1,-1,-856.972,-813.328,2.51,-272896.24,8145997.895,-4.603924632,-4.65836515,137.4279117,-4503.55,5528.96,19839.58,1383.16,4960.4,0,0,0,431506575,383
ROVER,15,0,0,-856.972,-813.328,2.51,-272896.24,8145997.895,-4.603924632,-4.65836515,137.4279117,-4503.55,5528.96,19839.58,1383.16,4960.4,1.035,-0.812,-135.428,431506575,383
ROVER,15,998,-1,-980.277,-851.239,-0.14,-273019.545,8145959.984,-4.606004862,-4.660469762,137.4272721,-4500.9,6022.18,19687.94,1506.47,4922.49,3.143,1.737,-173.678,431679716,385
ROVER,15,1230,-1,-994.832,-863.866,0.63,-273034.1,8145947.357,-4.606250414,-4.660718192,137.4270591,-4501.67,6080.4,19637.43,1521.02,4909.86,4.944,0.294,179.401,431938498,388
SITE,16,-1,-1,-1043.617,-910.119,4.81,-273082.885,8145901.104,-4.607073446,-4.661550871,137.4262787,-4505.85,6275.54,19452.42,1569.81,4863.61,0,0,0,432125083,390
ROVER,16,0,0,-1043.617,-910.119,4.81,-273082.885,8145901.104,-4.607073446,-4.661550871,137.4262787,-4505.85,6275.54,19452.42,1569.81,4863.61,2.284,3.361,160.532,432125083,390
ROVER,16,50,-1,-1046.07,-909.393,4.69,-273085.338,8145901.83,-4.60711483,-4.66159274,137.426291,-4505.73,6285.35,19455.32,1572.26,4864.34,-1.295,4.546,141.112,432296393,392
ROVER,16,148,-1,-1052.123,-910.356,4.05,-273091.391,8145900.867,-4.607216948,-4.661696054,137.4262747,-4505.09,6309.56,19451.47,1578.32,4863.37,1.053,9.292,173.93,432654632,396
ROVER,16,328,-1,-1051.367,-932.821,3.91,-273090.635,8145878.402,-4.607204194,-4.661683151,137.4258957,-4504.95,6306.54,19361.61,1577.56,4840.91,-1.929,10.277,-99.872,433177644,402
ROVER,16,1052,-1,-1101.109,-971.014,3.81,-273140.377,8145840.209,-4.608043371,-4.662532164,137.4252514,-4504.85,6505.51,19208.84,1627.3,4802.72,3.935,4.826,-139.296,433278537,403
ROVER,16,1584,-1,-1133.183,-1020.442,1.75,-273172.451,8145790.781,-4.608584479,-4.663079614,137.4244175,-4502.79,6633.8,19011.12,1659.38,4753.29,-0.286,0.211,-97.086,433361735,404
SITE,17,-1,-1,-1189.902,-1050.494,2.43,-273229.17,8145760.729,-4.609541363,-4.664047713,137.4239105,-4503.47,6860.68,18890.92,1716.09,4723.24,0,0,0,433539313,406
ROVER,17,0,0,-1189.902,-1050.494,2.43,-273229.17,8145760.729,-4.609541363,-4.664047713,137.4239105,-4503.47,6860.68,18890.92,1716.09,4723.24,1.96,-2.332,-149.142,433539313,406
ROVER,17,676,-1,-1255.332,-1042.272,2.19,-273294.6,8145768.951,-4.610645206,-4.665164495,137.4240492,-4503.23,7122.4,18923.8,1781.52,4731.46,1.467,1.723,-173.869,433816752,409
ROVER,17,820,-1,-1281.437,-1060.823,1.11,-273320.705,8145750.4,-4.611085614,-4.665610064,137.4237363,-4502.15,7226.82,18849.6,1807.63,4712.91,-1.697,4.23,-145.541,433893078,410
SITE,18,-1,-1,-1325.121,-1141.553,1.93,-273364.389,8145669.67,-4.611822589,-4.666355677,137.4223743,-4502.97,7401.56,18526.68,1851.31,4632.18,0,0,0,434077020,412
ROVER,18,0,0,-1325.121,-1141.553,1.93,-273364.389,8145669.67,-4.611822589,-4.666355677,137.4223743,-4502.97,7401.56,18526.68,1851.31,4632.18,4.093,0.895,-142.196,434077020,412
ROVER,18,422,-1,-1397.599,-1141.662,-0.62,-273436.867,8145669.561,-4.613045337,-4.667592756,137.4223725,-4500.42,7691.47,18526.24,1923.79,4632.07,-1.141,1.681,160.154,434163560,413
ROVER,18,786,-1,-1416.097,-1194.11,-2.27,-273455.365,8145617.113,-4.613357409,-4.667908486,137.4214876,-4498.77,7765.46,18316.45,1942.29,4579.62,0.356,5.969,175.384,434521436,417
SITE,19,-1,-1,-1526.14,-1236.674,-3.14,-273565.408,8145574.549,-4.615213901,-4.669786736,137.4207696,-4497.9,8205.63,18146.2,2052.33,4537.06,0,0,0,434700906,419
ROVER,19,0,0,-1526.14,-1236.674,-3.14,-273565.408,8145574.549,-4.615213901,-4.669786736,137.4207696,-4497.9,8205.63,18146.2,2052.33,4537.06,-1.6,1.319,179.669,434700906,419
ROVER,19,320,-1,-1590.732,-1257.643,-3.47,-273630,8145553.58,-4.616303607,-4.670889214,137.4204158,-4497.57,8464,18062.32,2116.92,4516.09,-1.343,0.407,179.326,434968287,422
ROVER,19,1066,-1,-1674.533,-1272.737,-3.1,-273713.801,8145538.486,-4.617717381,-4.672319557,137.4201612,-4497.94,8799.2,18001.94,2200.73,4500.99,3.567,0.15,-155.016,435145271,424
SITE,20,-1,-1,-1691.332,-1315.198,-4.46,-273730.6,8145496.025,-4.61800079,-4.672606288,137.4194448,-4496.58,8866.4,17832.1,2217.52,4458.53,0,0,0,435323489,426
ROVER,20,0,0,-1691.332,-1315.198,-4.46,-273730.6,8145496.025,-4.61800079,-4.672606288,137.4194448,-4496.58,8866.4,17832.1,2217.52,4458.53,4.668,5.763,-154.437,435323489,426
ROVER,20,256,-1,-1718.25,-1348.434,-4.56,-273757.518,8145462.789,-4.618454913,-4.673065733,137.4188841,-4496.48,8974.07,17699.16,2244.44,4425.3,4.09,0.805,-159.333,435585249,429
ROVER,20,764,-1,-1763.306,-1390.161,-5.43,-273802.574,8145421.062,-4.619215035,-4.673834764,137.4181801,-4495.61,9154.3,17532.25,2289.5,4383.57,2.689,-2.619,-149.934,435761729,431
SITE,21,-1,-1,-1809.027,-1451.071,-8.47,-273848.295,8145360.152,-4.619986376,-4.674615145,137.4171526,-4492.57,9337.18,17288.61,2335.22,4322.66,0,0,0,435936073,433
ROVER,21,0,0,-1809.027,-1451.071,-8.47,-273848.295,8145360.152,-4.619986376,-4.674615145,137.4171526,-4492.57,9337.18,17288.61,2335.22,4322.66,2.735,5.15,-138.982,435936073,433
ROVER,21,636,-1,-1873.902,-1510.731,-8.27,-273913.17,8145300.492,-4.621080857,-4.675722453,137.4161461,-4492.77,9596.68,17049.97,2400.09,4263,3.959,3.629,-147.017,436205378,436
ROVER,21,1028,-1,-1900.755,-1518.571,-9.01,-273940.023,8145292.652,-4.621533883,-4.676180788,137.4160138,-4492.03,9704.09,17018.61,2426.95,4255.16,1.98,3.019,-159.13,436291427,437
ROVER,21,1362,-1,-1927.505,-1558.83,-6.93,-273966.773,8145252.393,-4.621985172,-4.676637366,137.4153346,-4494.11,9811.09,16857.57,2453.7,4214.9,-2.847,3.781,-148.136,436379827,438
ROVER,21,1572,-1,-1945.634,-1575.196,-6.73,-273984.902,8145236.027,-4.622291019,-4.676946798,137.4150585,-4494.31,9883.61,16792.11,2471.83,4198.53,2.405,1.952,-139.867,436473367,439
SITE,22,-1,-1,-1948.197,-1578.631,-7.29,-273987.465,8145232.592,-4.622334258,-4.676990544,137.4150005,-4493.75,9893.86,16778.37,2474.39,4195.1,0,0,0,436559977,440
ROVER,22,0,6,-1948.197,-1578.631,-7.29,-273987.465,8145232.592,-4.622334258,-4.676990544,137.4150005,-4493.75,9893.86,16778.37,2474.39,4195.1,-3.353,12.078,-167.389,436559977,440
ROVER,22,484,-1,-1958.564,-1597.893,-8.88,-273997.832,8145213.33,-4.622509156,-4.677167491,137.4146756,-4492.16,9935.33,16701.32,2484.76,4175.84,-2.983,5.262,-150.311,437713121,453
SITE,23,-1,-1,-1954.154,-1689.76,-8.14,-273993.422,8145121.463,-4.622434756,-4.67709222,137.4131257,-4492.9,9917.69,16333.85,2480.35,4083.97,0,0,0,437800786,454
ROVER,23,0,0,-1954.154,-1689.76,-8.14,-273993.422,8145121.463,-4.622434756,-4.67709222,137.4131257,-4492.9,9917.69,16333.85,2480.35,4083.97,3.807,6.02,-148.2,437800786,454
ROVER,23,616,-1,-1995.279,-1735.164,-8.08,-274034.547,8145076.059,-4.62312856,-4.677794155,137.4123597,-4492.96,10082.19,16152.24,2521.47,4038.57,-0.21,0.787,141.299,437892700,455
ROVER,23,890,-1,-2015.127,-1765.928,-8.35,-274054.395,8145045.295,-4.623463408,-4.678132927,137.4118407,-4492.69,10161.58,16029.18,2541.32,4007.8,-0.859,3.925,-153.552,438777705,465
SITE,24,-1,-1,-2061.794,-1812.166,-10.04,-274101.062,8144999.057,-4.624250708,-4.678929454,137.4110607,-4491,10348.25,15844.23,2587.99,3961.56,0,0,0,439225028,470
ROVER,24,0,0,-2061.794,-1812.166,-10.04,-274101.062,8144999.057,-4.624250708,-4.678929454,137.4110607,-4491,10348.25,15844.23,2587.99,3961.56,2.279,0.398,-150.502,439225028,470
ROVER,24,192,-1,-2098.939,-1841.506,-11.26,-274138.207,8144969.717,-4.624877367,-4.679563457,137.4105657,-4489.78,10496.83,15726.87,2625.13,3932.22,9.312,7.901,-144.195,439401217,472
ROVER,24,312,-1,-2099.127,-1846.756,-10.91,-274138.395,8144964.467,-4.624880538,-4.679566666,137.4104771,-4490.13,10497.58,15705.87,2625.32,3926.97,3.845,5.94,-155.314,439576856,474
ROVER,24,366,-1,-2103.659,-1849.144,-11.28,-274142.927,8144962.079,-4.624956996,-4.67964402,137.4104368,-4489.76,10515.71,15696.32,2629.85,3924.59,1.963,4.529,-173.795,439844068,477
ROVER,24,378,-1,-2103.129,-1848.726,-11.28,-274142.397,8144962.497,-4.624948055,-4.679634973,137.4104439,-4489.76,10513.59,15697.99,2629.32,3925,1.732,3.792,-173.436,440821184,488
ROVER,24,408,-1,-2104.283,-1849.121,-11.31,-274143.551,8144962.102,-4.624967523,-4.67965467,137.4104372,-4489.73,10518.2,15696.41,2630.48,3924.61,3.031,4.14,-173.297,440993690,490
SITE,25,-1,-1,-2121.571,-1858.184,-12.27,-274160.839,8144953.039,-4.625259182,-4.679949747,137.4102843,-4488.77,10587.36,15660.16,2647.76,3915.55,0,0,0,441349909,494
ROVER,25,0,0,-2121.571,-1858.184,-12.27,-274160.839,8144953.039,-4.625259182,-4.679949747,137.4102843,-4488.77,10587.36,15660.16,2647.76,3915.55,5.348,7.87,-148.37,441349909,494
ROVER,25,154,-1,-2122.492,-1879.628,-11.26,-274161.76,8144931.595,-4.62527472,-4.679965467,137.4099225,-4489.78,10591.04,15574.38,2648.68,3894.1,6.724,2.952,-149.592,442241000,504
ROVER,25,242,-1,-2138.819,-1897.288,-12.03,-274178.087,8144913.935,-4.625550167,-4.680244142,137.4096246,-4489.01,10656.35,15503.74,2665.01,3876.44,2.282,3.792,-145.044,442416587,506
ROVER,25,312,-1,-2147.619,-1900.24,-11.89,-274186.887,8144910.983,-4.625698628,-4.680394343,137.4095748,-4489.15,10691.55,15491.93,2673.81,3873.49,3.447,-0.864,-161.392,442593148,508
ROVER,25,510,-1,-2172.644,-1900.642,-13.19,-274211.912,8144910.581,-4.626120815,-4.680821478,137.409568,-4487.85,10791.65,15490.32,2698.84,3873.09,3.198,4.13,-170.297,442857639,511
ROVER,25,540,-1,-2173.93,-1901.058,-13.22,-274213.198,8144910.165,-4.62614251,-4.680843427,137.409561,-4487.82,10796.79,15488.66,2700.12,3872.67,3.294,1.695,-169.493,443037282,513
ROVER,25,750,-1,-2197.176,-1920.683,-14.28,-274236.444,8144890.54,-4.626534684,-4.681240198,137.4092299,-4486.76,10889.78,15410.16,2723.37,3853.05,4.166,8.418,-148.799,443214024,515
ROVER,25,886,-1,-2197.435,-1936.287,-13.79,-274236.703,8144874.936,-4.626539054,-4.681244618,137.4089667,-4487.25,10890.81,15347.74,2723.63,3837.44,7.455,3.949,-134.338,443478540,518
ROVER,25,1070,-1,-2194.036,-1960.804,-11.58,-274233.304,8144850.419,-4.626481711,-4.681186603,137.408553,-4489.46,10877.22,15249.68,2720.23,3812.93,3.881,-0.324,-134.269,443568336,519
ROVER,25,1238,-1,-2215.354,-1974.455,-11.24,-274254.622,8144836.768,-4.626841358,-4.681550466,137.4083227,-4489.8,10962.49,15195.07,2741.55,3799.28,0.99,4.221,-150.11,443662915,520
ROVER,25,1296,-1,-2225.611,-1976.533,-11.76,-274264.879,8144834.69,-4.6270144,-4.681725535,137.4082877,-4489.28,11003.52,15186.76,2751.8,3797.2,-0.843,4.216,171.057,443748844,521
ROVER,25,1496,-1,-2227.736,-2000.642,-14.08,-274267.004,8144810.581,-4.62705025,-4.681761805,137.407881,-4486.96,11012.02,15090.32,2753.93,3773.09,-3.311,3.069,-140.15,444013194,524
ROVER,25,1638,-1,-2223.933,-2013.395,-13.68,-274263.201,8144797.828,-4.626986091,-4.681696895,137.4076658,-4487.36,10996.8,15039.31,2750.13,3760.34,8.334,3.081,-140.166,444195641,526
SITE,26,-1,-1,-2205.207,-2031.384,-13.45,-274244.475,8144779.839,-4.626670172,-4.681377273,137.4073623,-4487.59,10921.9,14967.36,2731.4,3742.35,0,0,0,444282969,527
ROVER,26,0,0,-2205.207,-2031.384,-13.45,-274244.475,8144779.839,-4.626670172,-4.681377273,137.4073623,-4487.59,10921.9,14967.36,2731.4,3742.35,-4.372,5.002,-142.103,444282969,527
ROVER,26,184,-1,-2198.119,-2037.296,-14.3,-274237.387,8144773.927,-4.626550593,-4.681256293,137.4072626,-4486.74,10893.55,14943.71,2724.31,3736.43,-2.87,0.096,-130.962,444369371,528
ROVER,26,208,-1,-2197.423,-2036.341,-14.28,-274236.691,8144774.882,-4.626538851,-4.681244414,137.4072787,-4486.76,10890.76,14947.53,2723.62,3737.39,-2.167,-3.528,-131.611,444724577,532
ROVER,26,292,-1,-2200.94,-2040.153,-14.18,-274240.208,8144771.07,-4.626598185,-4.681304443,137.4072144,-4486.86,10904.83,14932.28,2727.13,3733.58,6.316,13.286,-76.846,444808208,533
ROVER,26,366,-1,-2200.457,-2047.261,-13.09,-274239.725,8144763.962,-4.626590037,-4.681296199,137.4070945,-4487.95,10902.9,14903.85,2726.65,3726.47,11.239,-3.834,-88.613,444990499,535
ROVER,26,708,-1,-2209.716,-2082.978,-11.76,-274248.984,8144728.245,-4.626746242,-4.681454234,137.4064919,-4489.28,10939.94,14760.98,2735.91,3690.75,-1.059,1.313,-142.417,445260538,538
ROVER,26,1102,-1,-2212.419,-2152.561,-13.54,-274251.687,8144658.662,-4.626791843,-4.68150037,137.405318,-4487.5,10950.75,14482.65,2738.61,3621.17,-1.705,0.829,-145.136,445439779,540
ROVER,26,1274,-1,-2218.502,-2174.429,-13.99,-274257.77,8144636.794,-4.626894467,-4.681604197,137.4049491,-4487.05,10975.08,14395.18,2744.69,3599.3,1.964,0.145,-144.277,445615655,542
SITE,27,-1,-1,-2225.456,-2220.236,-12.63,-274264.724,8144590.987,-4.627011785,-4.68172289,137.4041763,-4488.41,11002.9,14211.95,2751.65,3553.49,0,0,0,445883755,545
ROVER,27,0,18,-2225.456,-2220.236,-12.63,-274264.724,8144590.987,-4.627011785,-4.68172289,137.4041763,-4488.41,11002.9,14211.95,2751.65,3553.49,3.123,0.156,-135.198,445883755,545
ROVER,27,24,-1,-2226.234,-2220.986,-12.67,-274265.502,8144590.237,-4.62702491,-4.681736169,137.4041636,-4488.37,11006.01,14208.95,2752.43,3552.74,2.82,-0.955,-135.408,445966651,546
ROVER,27,520,-1,-2276.2,-2301.984,-10,-274315.468,8144509.239,-4.627867867,-4.682589004,137.4027971,-4491.04,11205.87,13884.96,2802.39,3471.75,0.279,2.665,131.551,446057475,547
ROVER,27,968,-1,-2330.502,-2374.352,-13.81,-274369.77,8144436.871,-4.628783975,-4.683515848,137.4015762,-4487.23,11423.08,13595.48,2856.69,3399.38,-2.682,-0.435,135.758,446146468,548
ROVER,27,1004,-1,-2336.707,-2373.799,-13.82,-274375.975,8144437.424,-4.628888657,-4.683621757,137.4015856,-4487.22,11447.9,13597.7,2862.9,3399.93,-2.917,3.146,-177.62,446234386,549
ROVER,27,1124,-1,-2342.202,-2384.718,-14.31,-274381.47,8144426.505,-4.628981361,-4.683715548,137.4014014,-4486.73,11469.88,13554.02,2868.39,3389.01,-2.791,3.234,-175.786,446322454,550
SITE,28,-1,-1,-2386.434,-2442.512,-13.41,-274425.702,8144368.711,-4.629727581,-4.684470513,137.4004263,-4487.63,11646.81,13322.84,2912.63,3331.22,0,0,0,446500029,552
ROVER,28,0,18,-2386.434,-2442.512,-13.41,-274425.702,8144368.711,-4.629727581,-4.684470513,137.4004263,-4487.63,11646.81,13322.84,2912.63,3331.22,-6.428,3.053,-131.042,446500029,552
ROVER,28,264,-1,-2440.024,-2453.668,-13.56,-274479.292,8144357.555,-4.630631677,-4.685385204,137.4002381,-4487.48,11861.17,13278.22,2966.22,3320.06,-4.929,3.466,-168.955,446591078,553
ROVER,28,298,-1,-2441.211,-2453.776,-13.57,-274480.479,8144357.447,-4.630651702,-4.685405464,137.4002363,-4487.47,11865.92,13277.79,2967.4,3319.95,-4.89,3.38,-173.839,446679017,554
ROVER,28,634,-1,-2484.414,-2448.006,-16.21,-274523.682,8144363.217,-4.631380563,-4.686142867,137.4003337,-4484.83,12038.73,13300.87,3010.61,3325.72,5.737,4.876,179.152,446768537,555
ROVER,28,914,-1,-2539.061,-2436.669,-17.59,-274578.329,8144374.554,-4.632302491,-4.687075599,137.4005249,-4483.45,12257.32,13346.22,3065.25,3337.06,-1.991,5.559,-145.01,447122072,559
ROVER,28,1122,-1,-2545.452,-2460.052,-19.54,-274584.72,8144351.171,-4.632410311,-4.687184683,137.4001304,-4481.5,12282.88,13252.68,3071.64,3313.68,-0.958,6.425,-145.48,447210729,560
ROVER,28,1350,-1,-2538.209,-2484.288,-20.07,-274577.477,8144326.935,-4.632288117,-4.687061057,137.3997216,-4480.97,12253.91,13155.74,3064.4,3289.44,-3.763,4.63,-164.681,447298677,561
ROVER,28,1374,-1,-2537.096,-2483.924,-20,-274576.364,8144327.299,-4.63226934,-4.68704206,137.3997277,-4481.04,12249.46,13157.2,3063.29,3289.81,-5.298,3.515,-164.994,447386901,562
SITE,29,-1,-1,-2551.646,-2480.779,-20.68,-274590.914,8144330.444,-4.632514808,-4.687290404,137.3997808,-4480.36,12307.66,13169.78,3077.84,3292.95,0,0,0,447479321,563
ROVER,29,0,36,-2551.646,-2480.779,-20.68,-274590.914,8144330.444,-4.632514808,-4.687290404,137.3997808,-4480.36,12307.66,13169.78,3077.84,3292.95,-0.177,-3.305,-28.569,447479321,563
ROVER,29,298,-1,-2568.481,-2518.231,-17.62,-274607.749,8144292.992,-4.632798824,-4.687577749,137.3991489,-4483.42,12375,13019.97,3094.67,3255.5,5.248,7.27,179.483,447567971,564
ROVER,29,536,-1,-2598.888,-2524.711,-19.94,-274638.156,8144286.512,-4.633311809,-4.688096745,137.3990396,-4481.1,12496.62,12994.05,3125.08,3249.02,-2.46,4.015,114.957,447650313,565
ROVER,29,566,-1,-2599.436,-2523.45,-19.93,-274638.704,8144287.773,-4.633321054,-4.688106098,137.3990609,-4481.11,12498.82,12999.09,3125.63,3250.28,-3.904,2.445,114.995,447742213,566
ROVER,29,1020,-1,-2661.04,-2502.399,-20.76,-274700.308,8144308.824,-4.634360351,-4.689157575,137.399416,-4480.28,12745.23,13083.3,3187.23,3271.33,6.017,1.161,-26.837,447920294,568
SITE,30,-1,-1,-2685.368,-2405.623,-19,-274724.636,8144405.6,-4.634770779,-4.689572812,137.4010487,-4482.04,12842.54,13470.4,3211.56,3368.11,0,0,0,448011039,569
ROVER,30,0,36,-2685.368,-2405.623,-19,-274724.636,8144405.6,-4.634770779,-4.689572812,137.4010487,-4482.04,12842.54,13470.4,3211.56,3368.11,1.808,4.193,-141.518,448011039,569
ROVER,30,484,-1,-2740.263,-2338.933,-22.59,-274779.531,8144472.29,-4.635696891,-4.690509777,137.4021738,-4478.45,13062.12,13737.16,3266.46,3434.8,4.532,-0.536,-144.591,448278893,572
ROVER,30,740,-1,-2778.437,-2339.026,-22.36,-274817.705,8144472.197,-4.636340909,-4.691161343,137.4021722,-4478.68,13214.82,13736.79,3304.63,3434.7,6.742,1.192,170.814,448456995,574
ROVER,30,786,-1,-2781.132,-2338.43,-22.33,-274820.4,8144472.793,-4.636386375,-4.691207342,137.4021823,-4478.71,13225.6,13739.17,3307.32,3435.3,5.246,-3.425,-169.305,449075252,581
ROVER,30,820,-1,-2779.606,-2338.277,-22.3,-274818.874,8144472.946,-4.636360631,-4.691181296,137.4021849,-4478.74,13219.5,13739.78,3305.8,3435.45,5.954,4.299,137.199,449520125,586
ROVER,30,938,-1,-2774.154,-2319.668,-24,-274813.422,8144491.555,-4.636268652,-4.691088239,137.4024988,-4477.04,13197.69,13814.22,3300.35,3454.06,1.977,2.795,91.116,449607689,587
ROVER,30,1254,-1,-2811.543,-2302.263,-23.02,-274850.811,8144508.96,-4.636899427,-4.691726406,137.4027924,-4478.02,13347.24,13883.84,3337.74,3471.47,3.942,-0.808,139.856,449694195,588
SITE,31,-1,-1,-2838.917,-2291.934,-22.64,-274878.185,8144519.289,-4.637361243,-4.692193634,137.4029667,-4478.4,13456.74,13925.16,3365.11,3481.8,0,0,0,449782827,589
ROVER,31,0,46,-2838.917,-2291.934,-22.64,-274878.185,8144519.289,-4.637361243,-4.692193634,137.4029667,-4478.4,13456.74,13925.16,3365.11,3481.8,0.839,-0.907,-112.21,449782827,589
ROVER,31,216,-1,-2860.76,-2296.108,-22.09,-274900.028,8144515.115,-4.637729748,-4.692566457,137.4028963,-4478.95,13544.11,13908.46,3386.95,3477.62,0.382,-0.84,177.618,450131308,593
ROVER,31,538,-1,-2891.56,-2309.887,-21.84,-274930.828,8144501.336,-4.638249363,-4.693092161,137.4026638,-4479.2,13667.31,13853.34,3417.75,3463.84,6.274,-1.364,-120.627,450318011,595
ROVER,31,634,-1,-2889.952,-2323.855,-20.87,-274929.22,8144487.368,-4.638222235,-4.693064715,137.4024282,-4480.17,13660.88,13797.47,3416.14,3449.88,1.471,4.888,144.341,450492449,597
ROVER,31,718,-1,-2889.806,-2332.363,-20.74,-274929.074,8144478.86,-4.638219771,-4.693062223,137.4022846,-4480.3,13660.3,13763.44,3416,3441.37,0.981,-1.009,-101.201,450494492,597
ROVER,31,724,-1,-2889.987,-2333.342,-20.73,-274929.255,8144477.881,-4.638222825,-4.693065313,137.4022681,-4480.31,13661.02,13759.52,3416.18,3440.39,2.586,0.231,-99.226,450494816,597
ROVER,31,946,-1,-2901.473,-2330.608,-21.27,-274940.741,8144480.615,-4.638416601,-4.693261359,137.4023142,-4479.77,13706.96,13770.46,3427.67,3443.12,0.247,0.75,-89.945,451023535,603
ROVER,31,1052,-1,-2913.664,-2331.77,-21.14,-274952.932,8144479.453,-4.63862227,-4.693469439,137.4022946,-4479.9,13755.73,13765.81,3439.86,3441.96,-2.711,-2.757,-156.389,451024984,603
ROVER,31,1094,-1,-2919.893,-2334.467,-21.06,-274959.161,8144476.756,-4.638727357,-4.693575757,137.4022491,-4479.98,13780.64,13755.02,3446.09,3439.26,-1.42,-4.964,-153.682,451026327,603
ROVER,31,1256,-1,-2927.767,-2347.27,-21.6,-274967.035,8144463.953,-4.638860196,-4.693710153,137.4020331,-4479.44,13812.14,13703.81,3453.96,3426.46,-0.382,8.069,-44.112,451295786,606
ROVER,31,1330,-1,-2926.739,-2348.639,-21.88,-274966.007,8144462.584,-4.638842854,-4.693692607,137.40201,-4479.16,13808.03,13698.34,3452.93,3425.09,-1.531,9.185,-55.2,451557571,609
ROVER,31,1472,-1,-2945.559,-2337.331,-21.42,-274984.827,8144473.892,-4.639160358,-4.694013833,137.4022008,-4479.62,13883.31,13743.57,3471.75,3436.4,-4.655,5.703,119.447,453422632,630
SITE,32,-1,-1,-2969.931,-2340.652,-22.68,-275009.199,8144470.571,-4.639571529,-4.694429821,137.4021448,-4478.36,13980.8,13730.28,3496.12,3433.08,0,0,0,453512673,631
ROVER,32,0,24,-2969.931,-2340.652,-22.68,-275009.199,8144470.571,-4.639571529,-4.694429821,137.4021448,-4478.36,13980.8,13730.28,3496.12,3433.08,-0.447,5.645,-118.063,453512673,631
ROVER,32,478,-1,-3018.463,-2387.062,-25.68,-275057.731,8144424.161,-4.640390293,-4.69525818,137.4013618,-4475.36,14174.92,13544.64,3544.66,3386.67,-3.354,4.527,144.232,453780539,634
ROVER,32,794,-1,-3026.217,-2458.859,-25.12,-275065.485,8144352.364,-4.640521108,-4.695390528,137.4001506,-4475.92,14205.94,13257.46,3552.41,3314.87,-3.052,5.497,-169.682,453868770,635
ROVER,32,1020,-1,-2995.637,-2509.274,-26.67,-275034.905,8144301.949,-4.640005204,-4.694868579,137.3993,-4474.37,14083.62,13055.8,3521.83,3264.46,-1.718,4.326,-90.076,453957275,636
SITE,33,-1,-1,-3008.937,-2541.198,-26.21,-275048.205,8144270.025,-4.640229583,-4.695095588,137.3987615,-4474.83,14136.82,12928.1,3535.13,3232.53,0,0,0,454044709,637
ROVER,33,0,14,-3008.937,-2541.198,-26.21,-275048.205,8144270.025,-4.640229583,-4.695095588,137.3987615,-4474.83,14136.82,12928.1,3535.13,3232.53,-4.894,-2.019,-123.958,454044709,637
ROVER,33,308,-1,-2992.181,-2569.78,-26.16,-275031.449,8144241.443,-4.6399469,-4.694809591,137.3982793,-4474.88,14069.8,12813.77,3518.37,3203.95,-1.057,-1.136,-91.026,454400255,641
ROVER,33,660,-1,-3012.762,-2650.599,-22.5,-275052.03,8144160.624,-4.640294114,-4.695160874,137.3969158,-4478.54,14152.12,12490.5,3538.95,3123.13,2.981,1.955,-108.968,454576676,643
ROVER,33,1036,-1,-3047.757,-2741.467,-25.29,-275087.025,8144069.756,-4.6408845,-4.695758179,137.3953828,-4475.75,14292.1,12127.02,3573.95,3032.26,-6.11,1.977,179.643,454664991,644
SITE,34,-1,-1,-3034.666,-2768.204,-27.63,-275073.934,8144043.019,-4.640663647,-4.695534738,137.3949317,-4473.41,14239.74,12020.08,3560.86,3005.53,0,0,0,454933775,647
ROVER,34,0,12,-3034.666,-2768.204,-27.63,-275073.934,8144043.019,-4.640663647,-4.695534738,137.3949317,-4473.41,14239.74,12020.08,3560.86,3005.53,2.552,2.751,-60.797,454933775,647
ROVER,34,286,-1,-3021.065,-2805.501,-26.05,-275060.333,8144005.722,-4.64043419,-4.695302592,137.3943025,-4474.99,14185.33,11870.89,3547.26,2968.23,-2.312,0.268,150.099,455114680,649
ROVER,34,416,-1,-3046.992,-2821.599,-27.25,-275086.26,8143989.624,-4.640871594,-4.695745122,137.3940309,-4473.79,14289.04,11806.5,3573.18,2952.13,0.144,6.228,-179.527,455288063,651
ROVER,34,774,-1,-3077.001,-2899.764,-28,-275116.269,8143911.459,-4.641377864,-4.696257325,137.3927122,-4473.04,14409.08,11493.84,3603.19,2873.97,-1.996,3.792,-110.11,455641206,655
ROVER,34,1120,-1,-3111.711,-2928.046,-27.51,-275150.979,8143883.177,-4.641963443,-4.696849765,137.3922351,-4473.53,14547.92,11380.71,3637.9,2845.68,-4.52,-3.71,-130.538,455736078,656
SITE,35,-1,-1,-3123.407,-3040.435,-28.03,-275162.675,8143770.788,-4.642160762,-4.697049396,137.390339,-4473.01,14594.7,10931.15,3649.6,2733.3,0,0,0,455821633,657
ROVER,35,0,0,-3123.407,-3040.435,-28.03,-275162.675,8143770.788,-4.642160762,-4.697049396,137.390339,-4473.01,14594.7,10931.15,3649.6,2733.3,-2.499,0.691,-129.87,455821633,657
ROVER,35,238,-1,-3146.671,-3062.688,-27.31,-275185.939,8143748.535,-4.642553239,-4.697446473,137.3899636,-4473.73,14687.76,10842.14,3672.86,2711.04,0.992,-2.041,150.429,455909293,658
ROVER,35,998,-1,-3207.7,-3153.724,-26.69,-275246.968,8143657.499,-4.643582836,-4.698488135,137.3884278,-4474.35,14931.87,10478,3733.89,2620.01,0.26,-0.815,-104.38,456178533,661
SITE,36,-1,-1,-3309.232,-3224.94,-30.83,-275348.5,8143586.283,-4.645295742,-4.700221113,137.3872263,-4470.21,15338,10193.13,3835.42,2548.79,0,0,0,456268040,662
ROVER,36,0,0,-3309.232,-3224.94,-30.83,-275348.5,8143586.283,-4.645295742,-4.700221113,137.3872263,-4470.21,15338,10193.13,3835.42,2548.79,2.214,2.791,-145.705,456268040,662
ROVER,36,178,-1,-3331.021,-3235.245,-32.51,-275370.289,8143575.978,-4.645663335,-4.700593014,137.3870525,-4468.53,15425.16,10151.91,3857.21,2538.49,-2.343,2.339,119.674,456353724,663
ROVER,36,416,-1,-3389.458,-3263.615,-32.53,-275428.726,8143547.608,-4.646649203,-4.701590434,137.3865738,-4468.51,15658.9,10038.43,3915.65,2510.12,1.839,-2.557,160.569,456441208,664
ROVER,36,1146,-1,-3453.945,-3367.043,-30.35,-275493.213,8143444.18,-4.647737138,-4.702691117,137.3848289,-4470.69,15916.85,9624.72,3980.14,2406.69,-2.953,2.316,179.475,456537122,665
SITE,37,-1,-1,-3550.577,-3375.867,-29.84,-275589.845,8143435.356,-4.649367378,-4.704340461,137.3846801,-4471.2,16303.38,9589.42,4076.77,2397.86,0,0,0,456799357,668
ROVER,37,0,0,-3550.577,-3375.867,-29.84,-275589.845,8143435.356,-4.649367378,-4.704340461,137.3846801,-4471.2,16303.38,9589.42,4076.77,2397.86,7.077,3.247,-129.809,456799357,668
ROVER,37,292,-1,-3558.254,-3413.276,-33.11,-275597.522,8143397.947,-4.649496894,-4.704471494,137.384049,-4467.93,16334.09,9439.79,4084.45,2360.45,-2.399,-1.281,-179.704,456887083,669
ROVER,37,1070,-1,-3639.775,-3365.272,-31.11,-275679.043,8143445.951,-4.650872202,-4.705862919,137.3848588,-4469.93,16660.17,9631.8,4165.97,2408.46,-1.359,-2.972,-160.056,456980844,670
ROVER,37,1542,-1,-3728.672,-3427.363,-28.76,-275767.94,8143383.86,-4.652371948,-4.707380238,137.3838113,-4472.28,17015.76,9383.44,4254.86,2346.37,2.121,-2.513,79.88,457064369,671
SITE,38,-1,-1,-3797.657,-3405.334,-27.16,-275836.925,8143405.889,-4.653535767,-4.708557694,137.384183,-4473.88,17291.7,9471.56,4323.85,2368.4,0,0,0,457152420,672
ROVER,38,0,44,-3797.657,-3405.334,-27.16,-275836.925,8143405.889,-4.653535767,-4.708557694,137.384183,-4473.88,17291.7,9471.56,4323.85,2368.4,0.217,-2.907,-7.212,457152420,672
ROVER,38,58,-1,-3792.456,-3406.049,-27.19,-275831.724,8143405.174,-4.653448023,-4.708468922,137.3841709,-4473.85,17270.9,9468.7,4318.65,2367.68,5.422,-0.16,89.179,457337794,674
ROVER,38,202,-1,-3795.273,-3422.156,-27.28,-275834.541,8143389.067,-4.653495547,-4.708517004,137.3838992,-4473.76,17282.16,9404.27,4321.47,2351.57,-7.009,-5.362,69.919,457506263,676
ROVER,38,338,-1,-3814.709,-3422.115,-28.68,-275853.977,8143389.108,-4.653823445,-4.708848743,137.3838998,-4472.36,17359.91,9404.43,4340.9,2351.62,-1.414,3.758,153.897,457590526,677
ROVER,38,792,-1,-3880.057,-3413.288,-29.55,-275919.325,8143397.935,-4.654925905,-4.709964121,137.3840488,-4471.49,17621.3,9439.74,4406.25,2360.44,-4.536,-3.718,90.269,457683811,678
ROVER,38,816,-1,-3880.058,-3412.02,-29.29,-275919.326,8143399.203,-4.654925922,-4.709964138,137.3840702,-4471.75,17621.3,9444.81,4406.25,2361.71,-3.748,-3.079,89.481,457773877,679
ROVER,38,1266,-1,-3912.397,-3378.167,-30.54,-275951.665,8143433.056,-4.6554715,-4.71051611,137.3846413,-4470.5,17750.66,9580.22,4438.59,2395.56,2.185,-3.582,-139.708,458129720,683
SITE,39,-1,-1,-3961.96,-3402.169,-33.73,-276001.228,8143409.054,-4.656307658,-4.711362065,137.3842363,-4467.31,17948.91,9484.22,4488.15,2371.56,0,0,0,458310547,685
ROVER,39,0,14,-3961.96,-3402.169,-33.73,-276001.228,8143409.054,-4.656307658,-4.711362065,137.3842363,-4467.31,17948.91,9484.22,4488.15,2371.56,-2.909,3.865,-172.76,458310547,685
ROVER,39,444,-1,-4026.981,-3448.409,-36.47,-276066.249,8143362.814,-4.657404602,-4.712471862,137.3834563,-4464.57,18209,9299.26,4553.17,2325.32,4.29,5.601,-149.472,458573881,688
ROVER,39,516,-1,-4036.184,-3448.429,-37.51,-276075.452,8143362.794,-4.657559862,-4.712628941,137.3834559,-4463.53,18245.81,9299.18,4562.38,2325.3,1.059,8.072,-178.871,458660226,689
ROVER,39,726,-1,-4064.4,-3439.266,-39.26,-276103.668,8143371.957,-4.658035883,-4.71311054,137.3836105,-4461.78,18358.67,9335.83,4590.59,2334.46,-1.69,4.163,164.01,458748925,690
ROVER,39,924,-1,-4081.868,-3448.526,-40.54,-276121.136,8143362.697,-4.658330578,-4.713408689,137.3834543,-4460.5,18428.54,9298.79,4608.06,2325.2,5.437,0.122,-117.903,458837054,691
ROVER,39,1176,-1,-4090.939,-3472.705,-41.41,-276130.207,8143338.518,-4.658483612,-4.713563515,137.3830464,-4459.63,18464.83,9202.07,4617.13,2301.03,-1.791,4.968,-174.018,458930206,692
ROVER,39,1396,-1,-4111.094,-3476.958,-41.91,-276150.362,8143334.265,-4.658823639,-4.713907527,137.3829746,-4459.13,18545.45,9185.06,4637.29,2296.77,4.934,2.109,179.881,459190955,695
ROVER,39,1552,-1,-4130.197,-3475.269,-43.57,-276169.465,8143335.954,-4.659145918,-4.714233582,137.3830031,-4457.47,18621.86,9191.82,4656.39,2298.46,-2.578,7.469,169.653,459282065,696
ROVER,39,1666,-1,-4142.968,-3474.593,-44.3,-276182.236,8143336.63,-4.659361372,-4.714451561,137.3830145,-4456.74,18672.94,9194.52,4669.16,2299.14,-1.715,3.619,-179.981,459819677,702
ROVER,39,1888,-1,-4170.092,-3485.597,-44.3,-276209.36,8143325.626,-4.659818971,-4.714914521,137.3828289,-4456.74,18781.44,9150.5,4696.28,2288.13,1.868,8.375,151.361,459904841,703
SITE,40,-1,-1,-4172.889,-3484.641,-44.64,-276212.157,8143326.582,-4.659866158,-4.714962261,137.382845,-4456.4,18792.63,9154.33,4699.08,2289.09,0,0,0,460085035,705
ROVER,40,0,24,-4172.889,-3484.641,-44.64,-276212.157,8143326.582,-4.659866158,-4.714962261,137.382845,-4456.4,18792.63,9154.33,4699.08,2289.09,-6.808,8.79,115.04,460085035,705
ROVER,40,200,-1,-4185.272,-3495.176,-43.1,-276224.54,8143316.047,-4.660075066,-4.715173618,137.3826673,-4457.94,18842.16,9112.19,4711.46,2278.55,0.378,-5.228,-155.481,460168971,706
ROVER,40,366,-1,-4197.671,-3492.933,-42.64,-276236.939,8143318.29,-4.660284245,-4.715385247,137.3827051,-4458.4,18891.76,9121.16,4723.86,2280.8,-5.196,-1.53,-15.146,460433965,709
ROVER,40,480,-1,-4190.153,-3495.125,-42.88,-276229.421,8143316.098,-4.660157412,-4.715256928,137.3826681,-4458.16,18861.68,9112.39,4716.35,2278.61,-2.56,3.595,-8.862,460526088,710
ROVER,40,540,-1,-4189.017,-3495.406,-42.78,-276228.285,8143315.817,-4.660138247,-4.715237538,137.3826634,-4458.26,18857.14,9111.27,4715.21,2278.32,1.629,4.23,72.232,460612146,711
ROVER,40,660,-1,-4182.009,-3493.606,-43.36,-276221.277,8143317.617,-4.660020018,-4.715117924,137.3826938,-4457.68,18829.11,9118.47,4708.2,2280.12,-2.7,11.335,-6.884,460792822,713
ROVER,40,1000,-1,-4154.034,-3511.405,-43.97,-276193.302,8143299.818,-4.659548063,-4.714640439,137.3823935,-4457.07,18717.21,9047.27,4680.23,2262.33,-0.195,-6.349,-169.794,460882667,714
ROVER,40,1286,-1,-4176.992,-3491.178,-44.28,-276216.26,8143320.045,-4.659935378,-4.715032292,137.3827347,-4456.76,18809.04,9128.18,4703.18,2282.55,0.519,-8.042,-163.279,461147788,717
ROVER,40,1378,-1,-4178.363,-3490.294,-43.68,-276217.631,8143320.929,-4.659958507,-4.715055693,137.3827496,-4457.36,18814.52,9131.72,4704.56,2283.44,0.865,-5.985,-126.168,461323667,719
ROVER,40,1850,-1,-4132.833,-3528.508,-43.27,-276172.101,8143282.715,-4.659190389,-4.714278574,137.3821049,-4457.77,18632.4,8978.86,4659.03,2245.22,-0.726,3.436,178.413,462215267,729
ROVER,40,2040,-1,-4138.432,-3544.054,-43.18,-276177.7,8143267.169,-4.659284847,-4.714374139,137.3818427,-4457.86,18654.8,8916.68,4664.62,2229.68,-0.765,0.94,109.595,462392109,731
SITE,41,-1,-1,-4143.146,-3597.512,-43.18,-276182.414,8143213.711,-4.659364375,-4.714454599,137.3809408,-4457.86,18673.66,8702.84,4669.34,2176.22,0,0,0,462572832,733
ROVER,41,0,0,-4143.146,-3597.512,-43.18,-276182.414,8143213.711,-4.659364375,-4.714454599,137.3809408,-4457.86,18673.66,8702.84,4669.34,2176.22,-0.371,7.078,-85.634,462572832,733
ROVER,41,322,-1,-4119.419,-3620.514,-42.97,-276158.687,8143190.709,-4.658964087,-4.71404962,137.3805527,-4458.07,18578.75,8610.84,4645.61,2153.22,-1.073,-2.915,159.376,462743624,735
ROVER,41,592,-1,-4130.099,-3647.268,-42.93,-276169.367,8143163.955,-4.659144265,-4.714231909,137.3801014,-4458.11,18621.47,8503.82,4656.29,2126.46,-1.846,0.427,-113.047,463009349,738
ROVER,41,748,-1,-4135.341,-3668.961,-42.54,-276174.609,8143142.262,-4.6592327,-4.714321381,137.3797354,-4458.5,18642.44,8417.05,4661.53,2104.77,2.274,0.834,-112.192,463099672,739
ROVER,41,838,-1,-4140.478,-3677.239,-42.18,-276179.746,8143133.984,-4.659319365,-4.714409061,137.3795958,-4458.86,18662.98,8383.94,4666.67,2096.49,2.209,0.008,-110.077,463190079,740
ROVER,41,1330,-1,-4141.817,-3761.986,-41.39,-276181.085,8143049.237,-4.659341954,-4.714431915,137.378166,-4459.65,18668.34,8044.95,4668.01,2011.74,1.402,2.422,-104.44,463456463,743
ROVER,41,1570,-1,-4149.295,-3792.948,-41.79,-276188.563,8143018.275,-4.659468113,-4.714559552,137.3776437,-4459.25,18698.25,7921.1,4675.49,1980.78,4.038,8.722,-121.546,463551502,744
ROVER,41,1642,-1,-4153.201,-3799.799,-42.33,-276192.469,8143011.424,-4.659534009,-4.714626221,137.3775281,-4458.71,18713.88,7893.7,4679.39,1973.93,2.183,0.927,-133.448,463723034,746
SITE,42,-1,-1,-4231.84,-3826.594,-40.11,-276271.108,8142984.629,-4.660860697,-4.715968453,137.377076,-4460.93,19028.43,7786.52,4758.03,1947.14,0,0,0,463813058,747
ROVER,42,0,0,-4231.84,-3826.594,-40.11,-276271.108,8142984.629,-4.660860697,-4.715968453,137.377076,-4460.93,19028.43,7786.52,4758.03,1947.14,-1.41,3.917,-158.075,463813058,747
ROVER,42,186,-1,-4243.295,-3844.214,-41.38,-276282.563,8142967.009,-4.66105395,-4.71616397,137.3767788,-4459.66,19074.25,7716.04,4769.49,1929.52,-1.068,3.811,-160.601,463898087,748
ROVER,42,852,-1,-4323.828,-3816.591,-41.59,-276363.096,8142994.632,-4.66241259,-4.71753853,137.3772448,-4459.45,19396.38,7826.53,4850.02,1957.14,-0.369,8.497,142.666,464169469,751
ROVER,42,1020,-1,-4340.824,-3803.623,-40.45,-276380.092,8143007.6,-4.662699323,-4.717828623,137.3774636,-4460.59,19464.37,7878.4,4867.02,1970.11,-5.597,3.425,159.988,464341866,753
SITE,43,-1,-1,-4340.824,-3803.623,-40.45,-276380.092,8143007.6,-4.662699323,-4.717828623,137.3774636,-4460.59,19464.37,7878.4,4867.02,1970.11,0,0,0,466393157,776
ROVER,43,0,4,-4340.824,-3803.623,-40.45,-276380.092,8143007.6,-4.662699323,-4.717828623,137.3774636,-4460.59,19464.37,7878.4,4867.02,1970.11,-5.616,3.352,159.189,466393157,776
ROVER,43,216,-1,-4357.029,-3798.281,-42.05,-276396.297,8143012.942,-4.662972711,-4.718105214,137.3775537,-4458.99,19529.19,7899.77,4883.22,1975.45,-4.428,5.799,105.058,466740057,780
SITE,44,-1,-1,-4357.029,-3798.281,-42.05,-276396.297,8143012.942,-4.662972711,-4.718105214,137.3775537,-4458.99,19529.19,7899.77,4883.22,1975.45,0,0,0,466928812,782
ROVER,44,0,0,-4357.029,-3798.281,-42.05,-276396.297,8143012.942,-4.662972711,-4.718105214,137.3775537,-4458.99,19529.19,7899.77,4883.22,1975.45,-4.426,5.78,105.018,466928812,782
ROVER,44,36,-1,-4355.601,-3794.197,-42.35,-276394.869,8143017.026,-4.66294862,-4.718080841,137.3776226,-4458.69,19523.48,7916.1,4881.79,1979.53,-5.07,8.532,81.244,467185992,785
ROVER,44,190,-1,-4366.33,-3783.538,-43.28,-276405.598,8143027.685,-4.663129624,-4.718263966,137.3778024,-4457.76,19566.39,7958.74,4892.52,1990.19,-6.347,1.08,101.172,467365542,787
ROVER,44,256,-1,-4370.136,-3778.041,-43.71,-276409.404,8143033.182,-4.663193834,-4.718328928,137.3778952,-4457.33,19581.62,7980.73,4896.33,1995.69,-7.798,6.98,139.736,467626071,790
ROVER,44,370,-1,-4380.103,-3784.768,-45.54,-276419.371,8143026.455,-4.663361983,-4.718499048,137.3777817,-4455.5,19621.48,7953.82,4906.3,1988.96,0.228,13.14,167.004,467809262,792
ROVER,44,568,-1,-4389.652,-3801.214,-47.18,-276428.92,8143010.009,-4.663523081,-4.718662032,137.3775042,-4453.86,19659.68,7888.04,4915.84,1972.52,-9.331,7.544,131.402,467983841,794
ROVER,44,920,-1,-4337.863,-3804.504,-40.4,-276377.131,8143006.719,-4.662649369,-4.717778083,137.3774487,-4460.64,19452.52,7874.88,4864.06,1969.23,3.37,-3.036,30.496,468251206,797
ROVER,44,1140,-1,-4333.367,-3800.369,-39.84,-276372.635,8143010.854,-4.662573519,-4.717701344,137.3775185,-4461.2,19434.54,7891.42,4859.56,1973.36,-0.439,-1.548,111.245,468426015,799
ROVER,44,1282,-1,-4338.489,-3802.369,-40.28,-276377.757,8143008.854,-4.66265993,-4.717788768,137.3774847,-4460.76,19455.03,7883.42,4864.68,1971.36,-4.011,3.718,-159.238,468785278,803
ROVER,44,1432,-1,-4351.884,-3804.48,-41.56,-276391.152,8143006.743,-4.662885912,-4.718017398,137.3774491,-4459.48,19508.61,7874.97,4878.08,1969.25,-5.62,0.015,84.449,469140776,807
ROVER,44,1546,-1,-4355.654,-3793.473,-42.45,-276394.922,8143017.75,-4.662949514,-4.718081745,137.3776348,-4458.59,19523.69,7919,4881.85,1980.26,-1.654,13.859,99.688,469586340,812
ROVER,44,1828,-1,-4371.941,-3779.167,-44,-276411.209,8143032.056,-4.663224285,-4.718359736,137.3778762,-4457.04,19588.84,7976.22,4898.13,1994.56,-0.443,12.545,178.331,470023521,817
ROVER,44,2062,-1,-4381.115,-3784.73,-45.74,-276420.383,8143026.493,-4.663379056,-4.718516321,137.3777823,-4455.3,19625.53,7953.97,4907.31,1989,1.197,9.629,175.121,470822213,826
ROVER,44,2336,-1,-4389.321,-3804.72,-47.48,-276428.589,8143006.503,-4.663517497,-4.718656383,137.3774451,-4453.56,19658.36,7874.01,4915.51,1969.01,-11.305,4.725,135.83,471624996,835
ROVER,44,2414,-1,-4393.162,-3801.553,-48.29,-276432.43,8143009.67,-4.663582296,-4.718721942,137.3774985,-4452.75,19673.72,7886.68,4919.35,1972.18,-14.452,11.131,131.407,471800196,837
ROVER,44,2958,-1,-4349.199,-3808.457,-41.25,-276388.467,8143002.766,-4.662840614,-4.717971569,137.377382,-4459.79,19497.87,7859.06,4875.39,1965.27,-1.907,-5.239,45.508,474022838,862
SITE,45,-1,-1,-4350.569,-3804.44,-41.44,-276389.837,8143006.783,-4.662863727,-4.717994953,137.3774498,-4459.6,19503.35,7875.13,4876.76,1969.29,0,0,0,474199431,864
ROVER,45,0,590,-4350.569,-3804.44,-41.44,-276389.837,8143006.783,-4.662863727,-4.717994953,137.3774498,-4459.6,19503.35,7875.13,4876.76,1969.29,-7.269,3.94,114.67,474199431,864
ROVER,45,150,-1,-4363.358,-3805.426,-42.71,-276402.626,8143005.797,-4.663079485,-4.718213239,137.3774332,-4458.33,19554.5,7871.19,4889.55,1968.3,-3.914,4.557,170.249,477047184,896
ROVER,45,366,-1,-4389.041,-3802.199,-46.99,-276428.309,8143009.024,-4.663512773,-4.718651604,137.3774876,-4454.05,19657.24,7884.1,4915.23,1971.53,3.152,11.439,-163.352,477481119,901
ROVER,45,450,-1,-4389.904,-3804.289,-47.54,-276429.172,8143006.934,-4.663527332,-4.718666334,137.3774523,-4453.5,19660.69,7875.74,4916.1,1969.44,-0.524,15.642,-160.193,477664390,903
ROVER,45,558,-1,-4393.833,-3812.555,-48.89,-276433.101,8142998.668,-4.663593617,-4.718733395,137.3773129,-4452.15,19676.4,7842.67,4920.03,1961.18,10.838,7.754,-125.086,479432674,923
ROVER,45,774,-1,-4399.786,-3814.026,-49.63,-276439.054,8142997.197,-4.663694047,-4.718835002,137.3772881,-4451.41,19700.22,7836.79,4925.98,1959.7,-7.856,4.604,141.946,479523406,924
ROVER,45,852,-1,-4403.203,-3810.508,-49.98,-276442.471,8143000.715,-4.663751694,-4.718893325,137.3773474,-4451.06,19713.88,7850.86,4929.4,1963.22,3.797,6.984,-172.27,479702575,926
ROVER,45,996,-1,-4411,-3814.015,-50.64,-276450.268,8142997.208,-4.663883234,-4.719026406,137.3772883,-4450.4,19745.07,7836.83,4937.19,1959.72,2.815,4.966,-176.053,480940819,940
ROVER,45,1108,-1,-4403.776,-3811.68,-50.07,-276443.044,8142999.543,-4.663761361,-4.718903105,137.3773277,-4450.97,19716.18,7846.17,4929.97,1962.05,-2.14,7.306,167.33,481299387,944
ROVER,45,1276,-1,-4417.194,-3819.069,-50.84,-276456.462,8142992.154,-4.663987731,-4.719132127,137.377203,-4450.2,19769.85,7816.62,4943.39,1954.66,1.055,-0.567,-148.17,481742931,949
ROVER,45,1558,-1,-4441.82,-3844.008,-51.17,-276481.088,8142967.215,-4.664403186,-4.71955245,137.3767823,-4449.87,19868.35,7716.86,4968.01,1929.72,-1.667,-0.558,-154.696,481830653,950
ROVER,45,1696,-1,-4453.902,-3857.796,-50.54,-276493.17,8142953.427,-4.664607017,-4.719758669,137.3765496,-4450.5,19916.68,7661.71,4980.09,1915.93,10.136,-4.551,-133.127,481926764,951
SITE,46,-1,-1,-4497.381,-3924.317,-48.65,-276536.649,8142886.906,-4.665340534,-4.720500781,137.3754274,-4452.39,20090.6,7395.62,5023.57,1849.41,0,0,0,482013126,952
ROVER,46,0,70,-4497.381,-3924.317,-48.65,-276536.649,8142886.906,-4.665340534,-4.720500781,137.3754274,-4452.39,20090.6,7395.62,5023.57,1849.41,0.371,-1.131,-140.731,482013126,952
ROVER,46,472,-1,-4536.538,-3959.671,-48.95,-276575.806,8142851.552,-4.666001136,-4.721169123,137.374831,-4452.09,20247.22,7254.21,5062.73,1814.06,2.884,5.548,-86.739,482361980,956
ROVER,46,934,-1,-4539.227,-4022.736,-46.37,-276578.495,8142788.487,-4.666046501,-4.72121502,137.373767,-4454.67,20257.98,7001.95,5065.42,1750.99,-2.1,-0.595,-99.408,482457574,957
ROVER,46,1162,-1,-4534.232,-4036.595,-47.09,-276573.5,8142774.628,-4.665962233,-4.721129764,137.3735332,-4453.95,20238,6946.51,5060.42,1737.14,5.515,14.74,-117.374,482544839,958
ROVER,46,1676,-1,-4575.076,-4122.671,-44.41,-276614.344,8142688.552,-4.666651296,-4.7218269,137.372081,-4456.63,20401.38,6602.21,5101.27,1651.06,1.927,1.091,-129.71,482725045,960
ROVER,46,1710,-1,-4575.971,-4123.502,-44.5,-276615.239,8142687.721,-4.666666395,-4.721842176,137.372067,-4456.54,20404.96,6598.88,5102.16,1650.23,2.5,0.267,-138.298,482896182,962
ROVER,46,1812,-1,-4583.828,-4138.193,-44.87,-276623.096,8142673.03,-4.666798947,-4.721976282,137.3718192,-4456.17,20436.38,6540.12,5110.02,1635.54,0.496,3.839,-127.674,482984007,963
SITE,47,-1,-1,-4583.81,-4167.155,-45.55,-276623.078,8142644.068,-4.666798644,-4.721975975,137.3713306,-4455.49,20436.31,6424.27,5110,1606.58,0,0,0,483083222,964
ROVER,47,0,0,-4583.81,-4167.155,-45.55,-276623.078,8142644.068,-4.666798644,-4.721975975,137.3713306,-4455.49,20436.31,6424.27,5110,1606.58,9.061,0.583,-78.147,483083222,964
ROVER,47,522,-1,-4609.468,-4231.49,-44.06,-276648.736,8142579.733,-4.66723151,-4.722413912,137.3702452,-4456.98,20538.94,6166.93,5135.66,1542.24,0.662,8.664,-133.069,483340036,967
ROVER,47,598,-1,-4614.122,-4234.799,-44.64,-276653.39,8142576.424,-4.667310025,-4.722493348,137.3701894,-4456.4,20557.56,6153.7,5140.31,1538.93,5.335,13.748,-142.385,483695818,971
ROVER,47,1166,-1,-4628.265,-4170.905,-46.08,-276667.533,8142640.318,-4.667548626,-4.722734745,137.3712673,-4454.96,20614.13,6409.27,5154.46,1602.83,-4.104,5.396,134.853,484142335,976
ROVER,47,1202,-1,-4629.73,-4170.095,-46.43,-276668.998,8142641.128,-4.667573342,-4.72275975,137.371281,-4454.61,20619.99,6412.51,5155.92,1603.64,-2.21,8.675,153.246,484314161,978
ROVER,47,1452,-1,-4645.695,-4165.43,-49.28,-276684.963,8142645.793,-4.667842681,-4.723032245,137.3713597,-4451.76,20683.85,6431.17,5171.89,1608.3,-5.62,8.411,160.065,484578167,981
ROVER,47,1632,-1,-4665.09,-4166.505,-50.77,-276704.358,8142644.718,-4.668169886,-4.723363284,137.3713415,-4450.27,20761.43,6426.87,5191.28,1607.23,-6.575,6.637,-156.026,484759689,983
SITE,48,-1,-1,-4670.147,-4170.673,-51.95,-276709.415,8142640.55,-4.668255201,-4.723449598,137.3712712,-4449.09,20781.66,6410.2,5196.34,1603.06,0,0,0,484852973,984
ROVER,48,0,0,-4670.147,-4170.673,-51.95,-276709.415,8142640.55,-4.668255201,-4.723449598,137.3712712,-4449.09,20781.66,6410.2,5196.34,1603.06,-13.478,16.262,-162.199,484852973,984
ROVER,48,82,-1,-4661.804,-4171.259,-51.42,-276701.072,8142639.964,-4.66811445,-4.723307198,137.3712613,-4449.62,20748.29,6407.86,5188,1602.47,-15.702,-2.604,158.21,485026668,986
ROVER,48,458,-1,-4628.526,-4175.242,-46.29,-276667.794,8142635.981,-4.66755303,-4.7227392,137.3711941,-4454.75,20615.18,6391.92,5154.72,1598.49,-6.501,1.669,119.933,485118573,987
ROVER,48,876,-1,-4629.33,-4226.907,-47.58,-276668.598,8142584.316,-4.667566594,-4.722752922,137.3703225,-4453.46,20618.39,6185.26,5155.52,1546.82,7.812,13.662,-144.835,485386429,990
ROVER,48,1146,-1,-4647.589,-4231.623,-53.35,-276686.857,8142579.6,-4.667874634,-4.723064572,137.370243,-4447.69,20691.43,6166.4,5173.78,1542.11,2.256,15.194,-155.475,485471344,991
ROVER,48,1194,-1,-4652.084,-4235.556,-54.02,-276691.352,8142575.667,-4.667950467,-4.723141294,137.3701766,-4447.02,20709.41,6150.67,5178.28,1538.17,5.53,4.08,-143.897,485560095,992
ROVER,48,1530,-1,-4669.842,-4245.071,-53.85,-276709.11,8142566.152,-4.668250055,-4.723444392,137.3700161,-4447.19,20780.44,6112.61,5196.03,1528.66,-5.328,8.052,175.618,485826984,995
ROVER,48,1570,-1,-4672.399,-4244.821,-54.39,-276711.667,8142566.402,-4.668293194,-4.723488036,137.3700203,-4446.65,20790.67,6113.61,5198.59,1528.91,-9.64,5.853,140.521,486003053,997
ROVER,48,1600,-1,-4671.403,-4244.525,-54.24,-276710.671,8142566.698,-4.66827639,-4.723471036,137.3700253,-4446.8,20786.68,6114.79,5197.6,1529.21,-9.364,5.662,130.868,488934867,1030
ROVER,48,1906,-1,-4652.509,-4236.469,-53.95,-276691.777,8142574.754,-4.667957637,-4.723148548,137.3701612,-4447.09,20711.11,6147.02,5178.7,1537.26,-3.49,2.479,56.867,489376677,1035
ROVER,48,1964,-1,-4648.144,-4233.371,-53.5,-276687.412,8142577.852,-4.667883997,-4.723074045,137.3702135,-4447.54,20693.65,6159.41,5174.34,1540.36,-2.742,-9.816,16.304,489555628,1037
ROVER,48,1970,-1,-4648.469,-4233.473,-53.69,-276687.737,8142577.75,-4.66788948,-4.723079592,137.3702117,-4447.35,20694.95,6159,5174.66,1540.26,-2.712,-8.41,16.111,489741581,1039
ROVER,48,2122,-1,-4651.586,-4246.814,-53.07,-276690.854,8142564.409,-4.667942066,-4.723132794,137.3699867,-4447.97,20707.42,6105.64,5177.78,1526.92,3.768,0.364,-128.155,489995607,1042
ROVER,48,2200,-1,-4657.859,-4248.785,-53.03,-276697.127,8142562.438,-4.668047895,-4.723239863,137.3699534,-4448.01,20732.51,6097.75,5184.05,1524.95,-6.61,-0.361,155.014,490188626,1044
ROVER,48,2224,-1,-4658.951,-4248.198,-52.95,-276698.219,8142563.025,-4.668066318,-4.723258502,137.3699633,-4448.09,20736.88,6100.1,5185.14,1525.53,-7.24,0.15,155.225,490354498,1046
ROVER,48,2422,-1,-4654.654,-4236.629,-53.91,-276693.922,8142574.594,-4.667993825,-4.723185159,137.3701585,-4447.13,20719.69,6146.38,5180.85,1537.1,1.367,15.187,91.365,490621955,1049
ROVER,48,2470,-1,-4654.05,-4231.796,-54.19,-276693.318,8142579.427,-4.667983635,-4.72317485,137.37024,-4446.85,20717.27,6165.71,5180.24,1541.93,-6.418,1.083,85.241,490799185,1051
ROVER,48,2518,-1,-4657.105,-4228.689,-54.25,-276696.373,8142582.534,-4.668035175,-4.723226994,137.3702925,-4446.79,20729.49,6178.14,5183.3,1545.04,1.873,-2.267,90.971,490974465,1053
ROVER,48,2542,-1,-4656.505,-4228.326,-54.13,-276695.773,8142582.897,-4.668025052,-4.723216753,137.3702986,-4446.91,20727.09,6179.59,5182.7,1545.4,5.038,-0.561,33.424,491242266,1056
ROVER,48,2794,-1,-4654.644,-4251.347,-53.37,-276693.912,8142559.876,-4.667993656,-4.723184989,137.3699102,-4447.67,20719.65,6087.5,5180.84,1522.38,-3.486,9.746,-149.336,492131248,1066
SITE,49,-1,-1,-4670.587,-4244.178,-53.96,-276709.855,8142567.045,-4.668262624,-4.723457108,137.3700311,-4447.08,20783.42,6116.18,5196.78,1529.55,0,0,0,492221994,1067
ROVER,49,0,0,-4670.587,-4244.178,-53.96,-276709.855,8142567.045,-4.668262624,-4.723457108,137.3700311,-4447.08,20783.42,6116.18,5196.78,1529.55,-9.11,5.803,125.962,492221994,1067
ROVER,49,294,-1,-4695.435,-4268.786,-56.13,-276734.703,8142542.437,-4.668681825,-4.723881221,137.369616,-4444.91,20882.81,6017.75,5221.63,1504.94,1.729,3.538,-148.844,492663894,1072
ROVER,49,642,-1,-4736.523,-4283.189,-58.58,-276775.791,8142528.034,-4.669375004,-4.724582522,137.369373,-4442.46,21047.16,5960.14,5262.72,1490.54,-3.522,4.442,164.687,492751382,1073
ROVER,49,814,-1,-4756.954,-4287.991,-59.03,-276796.222,8142523.232,-4.669719688,-4.724931244,137.369292,-4442.01,21128.89,5940.93,5283.15,1485.74,1.366,3.666,-176.554,492839413,1074
ROVER,49,1018,-1,-4784.414,-4295.913,-61.24,-276823.682,8142515.31,-4.670182954,-4.725399938,137.3691583,-4439.8,21238.73,5909.24,5310.61,1477.82,-0.312,8.797,-174.797,493194952,1078
ROVER,49,1216,-1,-4811.42,-4297.857,-62.98,-276850.688,8142513.366,-4.670638562,-4.725860884,137.3691256,-4438.06,21346.75,5901.46,5337.61,1475.87,-0.085,4.011,-178.377,493379606,1080
ROVER,49,1420,-1,-4830.927,-4295.565,-62.45,-276870.195,8142515.658,-4.670967657,-4.726193835,137.3691642,-4438.59,21424.78,5910.63,5357.12,1478.17,1.564,8.912,163.741,493641284,1083
ROVER,49,1798,-1,-4857.381,-4281.545,-62.86,-276896.649,8142529.678,-4.671413952,-4.726645359,137.3694007,-4438.18,21530.6,5966.71,5383.57,1492.19,-1.325,6.124,101.037,493825846,1085
ROVER,49,1876,-1,-4860.995,-4281.56,-63.25,-276900.263,8142529.663,-4.671474922,-4.726707043,137.3694005,-4437.79,21545.05,5966.65,5387.19,1492.17,-2.325,9.622,142.431,493996710,1087
ROVER,49,2026,-1,-4857.77,-4269.735,-64.34,-276897.038,8142541.488,-4.671420514,-4.726651998,137.3696,-4436.7,21532.15,6013.95,5383.96,1504,1.762,7.648,83.147,494528740,1093
ROVER,49,2236,-1,-4871.397,-4253.46,-66.61,-276910.665,8142557.763,-4.67165041,-4.726884587,137.3698746,-4434.43,21586.66,6079.05,5397.59,1520.27,2.255,8.653,178.953,494614612,1094
ROVER,49,2374,-1,-4881.777,-4256.424,-67.06,-276921.045,8142554.799,-4.671825527,-4.727061756,137.3698245,-4433.98,21628.18,6067.2,5407.97,1517.31,1.497,1.544,-178.552,494970328,1098
ROVER,49,2626,-1,-4911.255,-4272.663,-67.4,-276950.523,8142538.56,-4.672322839,-4.727564894,137.3695506,-4433.64,21746.09,6002.24,5437.45,1501.07,3.941,0.915,-138.466,495060538,1099
ROVER,49,2902,-1,-4941.406,-4286.275,-67.98,-276980.674,8142524.948,-4.672831504,-4.72807952,137.3693209,-4433.06,21866.7,5947.79,5467.6,1487.46,5.06,4.392,-140.599,495148217,1100
SITE,50,-1,-1,-4947.12,-4297.539,-66.71,-276986.388,8142513.684,-4.672927903,-4.728177048,137.3691309,-4434.33,21889.55,5902.74,5473.31,1476.19,0,0,0,495505420,1104
ROVER,50,0,40,-4947.12,-4297.539,-66.71,-276986.388,8142513.684,-4.672927903,-4.728177048,137.3691309,-4434.33,21889.55,5902.74,5473.31,1476.19,4.988,1.294,-162.232,495505420,1104
ROVER,50,114,-1,-4949.02,-4305.421,-66.95,-276988.288,8142505.802,-4.672959957,-4.728209478,137.3689979,-4434.09,21897.15,5871.21,5475.21,1468.31,2.422,3.131,-128.828,495680041,1106
ROVER,50,250,-1,-4942.733,-4310.356,-65.93,-276982.001,8142500.867,-4.672853892,-4.728102169,137.3689147,-4435.11,21872,5851.47,5468.93,1463.37,9.45,2.385,-129.904,495767850,1107
ROVER,50,322,-1,-4942.311,-4313.488,-65.64,-276981.579,8142497.735,-4.672846772,-4.728094967,137.3688618,-4435.4,21870.32,5838.94,5468.5,1460.24,-1.136,-6.716,-27.494,495862017,1108
ROVER,50,448,-1,-4951.554,-4325.436,-65.7,-276990.822,8142485.787,-4.673002707,-4.728252729,137.3686603,-4435.34,21907.29,5791.15,5477.75,1448.29,-4.86,-0.038,45.74,496036302,1110
ROVER,50,592,-1,-4959.443,-4330.019,-66.35,-276998.711,8142481.204,-4.673135799,-4.72838738,137.368583,-4434.69,21938.84,5772.82,5485.64,1443.71,-0.487,8.228,142.102,496219963,1112
ROVER,50,676,-1,-4960.042,-4326.232,-66.52,-276999.31,8142484.991,-4.673145905,-4.728397604,137.3686468,-4434.52,21941.24,5787.96,5486.23,1447.5,-0.753,6.674,-175.813,497555025,1127
ROVER,50,848,-1,-4957.288,-4313.918,-67.03,-276996.556,8142497.305,-4.673099443,-4.728350598,137.3688546,-4434.01,21930.22,5837.22,5483.48,1459.81,6.91,1.019,-144.815,499054372,1144
ROVER,50,1116,-1,-4970.748,-4340.18,-67.65,-277010.016,8142471.043,-4.673326522,-4.728580337,137.3684115,-4433.39,21984.06,5732.17,5496.94,1433.55,3.658,4.846,-144.434,499419148,1148
ROVER,50,1222,-1,-4974.433,-4333.229,-67.93,-277013.701,8142477.994,-4.67338869,-4.728643233,137.3685288,-4433.11,21998.8,5759.98,5500.63,1440.5,1.235,2.132,140.507,499683830,1151
ROVER,50,1624,-1,-5003.936,-4349.645,-66.6,-277043.204,8142461.578,-4.673886423,-4.729146798,137.3682519,-4434.44,22116.82,5694.31,5530.13,1424.09,0.471,5.786,-148.998,499861279,1153
ROVER,50,1928,-1,-5034.08,-4374.259,-67.79,-277073.348,8142436.964,-4.674394971,-4.729661304,137.3678366,-4433.25,22237.39,5595.86,5560.27,1399.47,6.203,2.329,-133.067,500038830,1155
ROVER,50,2438,-1,-5081.689,-4416.968,-68.8,-277120.957,8142394.255,-4.675198163,-4.730473907,137.3671161,-4432.24,22427.83,5425.02,5607.88,1356.76,0.898,5.368,-134.835,500298951,1158
ROVER,50,2772,-1,-5116.983,-4457.674,-67.16,-277156.251,8142353.549,-4.675793595,-4.731076314,137.3664293,-4433.88,22569,5262.2,5643.18,1316.06,2.089,2.535,-146.786,500484202,1160
ROVER,50,3076,-1,-5147.593,-4479.987,-68.7,-277186.861,8142331.236,-4.676310004,-4.731598774,137.3660529,-4432.34,22691.44,5172.94,5673.79,1293.74,4.316,0.177,-45.784,500656306,1162
SITE,51,-1,-1,-5186.043,-4476.699,-71.69,-277225.311,8142334.524,-4.676958679,-4.732255049,137.3661084,-4429.35,22845.24,5186.1,5712.24,1297.03,0,0,0,501099591,1167
ROVER,51,0,0,-5186.043,-4476.699,-71.69,-277225.311,8142334.524,-4.676958679,-4.732255049,137.3661084,-4429.35,22845.24,5186.1,5712.24,1297.03,5.952,9.262,-166.911,501099591,1167
ROVER,51,268,-1,-5221.714,-4483.147,-73.57,-277260.982,8142328.076,-4.67756047,-4.732863891,137.3659996,-4427.47,22987.93,5160.3,5747.91,1290.58,-12.157,-0.258,75.673,501188147,1168
ROVER,51,592,-1,-5264.943,-4468.599,-75.27,-277304.211,8142342.624,-4.678289769,-4.733601734,137.366245,-4425.77,23160.84,5218.5,5791.14,1305.13,-2.751,4.255,130.693,501537626,1172
ROVER,51,874,-1,-5308.372,-4479.605,-76.08,-277347.64,8142331.618,-4.679022443,-4.734342992,137.3660594,-4424.96,23334.56,5174.47,5834.56,1294.13,2.083,0.996,-174.849,501632111,1173
ROVER,51,1102,-1,-5319.988,-4499.476,-76.12,-277359.256,8142311.747,-4.679218412,-4.734541257,137.3657241,-4424.92,23381.02,5094.99,5846.18,1274.25,-3.038,0.844,176.507,501718788,1174
ROVER,51,1126,-1,-5321.139,-4499.382,-76.18,-277360.407,8142311.841,-4.67923783,-4.734560902,137.3657257,-4424.86,23385.63,5095.36,5847.33,1274.35,-3.152,0.618,175.809,502161390,1179
ROVER,51,1298,-1,-5326.216,-4497.567,-76.45,-277365.484,8142313.656,-4.679323482,-4.734647558,137.3657563,-4424.59,23405.94,5102.62,5852.41,1276.16,-1.819,4.851,177.93,502337375,1181
ROVER,51,1430,-1,-5328.57,-4505.32,-77.11,-277367.838,8142305.903,-4.679363195,-4.734687737,137.3656255,-4423.93,23415.35,5071.61,5854.76,1268.41,6.526,-1.432,-138.299,502516300,1183
ROVER,51,1800,-1,-5332.808,-4473.854,-78.12,-277372.076,8142337.369,-4.679434693,-4.734760072,137.3661564,-4422.92,23432.3,5197.48,5859,1299.88,-3.352,5.331,119.471,502694987,1185
ROVER,51,2004,-1,-5323.67,-4447.058,-78.17,-277362.938,8142364.165,-4.679280529,-4.734604102,137.3666084,-4422.87,23395.75,5304.66,5849.86,1326.67,-2.881,3.95,91.147,502878571,1187
ROVER,51,2322,-1,-5341.904,-4413.913,-79.16,-277381.172,8142397.31,-4.679588148,-4.734915325,137.3671676,-4421.88,23468.69,5437.24,5868.1,1359.82,-1.181,5.849,152.476,503313804,1192
ROVER,51,2704,-1,-5379.327,-4391.461,-81.5,-277418.595,8142419.762,-4.680219497,-4.73555407,137.3675464,-4419.54,23618.38,5527.05,5905.52,1382.27,3.013,-9.749,-30.845,503496841,1194
SITE,52,-1,-1,-5369,-4363.529,-81.13,-277408.268,8142447.694,-4.680045274,-4.735377806,137.3680176,-4419.91,23577.07,5638.78,5895.19,1410.2,0,0,0,503678245,1196
ROVER,52,0,44,-5369,-4363.529,-81.13,-277408.268,8142447.694,-4.680045274,-4.735377806,137.3680176,-4419.91,23577.07,5638.78,5895.19,1410.2,1.188,0.098,-124.519,503678245,1196
ROVER,52,4,-1,-5368.957,-4363.505,-81.13,-277408.225,8142447.718,-4.680044548,-4.735377072,137.368018,-4419.91,23576.9,5638.87,5895.15,1410.23,1.39,0.284,-124.813,504385535,1204
ROVER,52,614,-1,-5346.944,-4411.249,-79.17,-277386.212,8142399.974,-4.679673176,-4.735001349,137.3672126,-4421.87,23488.85,5447.9,5873.14,1362.48,6.653,1.857,-29.587,505359818,1215
ROVER,52,936,-1,-5310.155,-4421.843,-76.9,-277349.423,8142389.38,-4.679052523,-4.734373425,137.3670338,-4424.14,23341.69,5405.52,5836.35,1351.89,0.436,-0.273,-14.422,505447580,1216
ROVER,52,1162,-1,-5306.728,-4418.145,-77.35,-277345.996,8142393.078,-4.678994707,-4.734314932,137.3670962,-4423.69,23327.98,5420.31,5832.92,1355.59,-3.93,-0.927,-20.027,505892372,1221
ROVER,52,1312,-1,-5310.817,-4417.085,-77.61,-277350.085,8142394.138,-4.679063691,-4.734384724,137.3671141,-4423.43,23344.34,5424.55,5837.01,1356.65,4.009,-4.874,-128.445,507843637,1243
ROVER,52,1370,-1,-5311.419,-4418.803,-77.2,-277350.687,8142392.42,-4.679073848,-4.734394999,137.3670851,-4423.84,23346.75,5417.68,5837.61,1354.93,0.904,7.02,-120.228,507930412,1244
ROVER,52,1722,-1,-5328.833,-4460.532,-77.89,-277368.101,8142350.691,-4.679367632,-4.734692226,137.3663811,-4423.15,23416.4,5250.76,5855.03,1313.2,6.354,6.798,-150.363,508288518,1248
ROVER,52,2262,-1,-5291.931,-4510.638,-74.33,-277331.199,8142300.585,-4.678745073,-4.734062373,137.3655358,-4426.71,23268.8,5050.34,5818.12,1263.09,-3.507,-3.773,-32.696,508376648,1249
ROVER,52,2388,-1,-5292.829,-4508.025,-74.5,-277332.097,8142303.198,-4.678760223,-4.7340777,137.3655799,-4426.54,23272.39,5060.79,5819.02,1265.71,-3.486,-2.776,-25.416,508463083,1250
ROVER,52,2500,-1,-5279.995,-4515.545,-73.91,-277319.263,8142295.678,-4.678543706,-4.733858646,137.365453,-4427.13,23221.05,5030.71,5806.19,1258.19,1.995,4.143,-54.945,508905296,1255
ROVER,52,2668,-1,-5265.649,-4535.87,-73.41,-277304.917,8142275.353,-4.67830168,-4.733613785,137.3651101,-4427.63,23163.67,4949.41,5791.84,1237.86,-1.72,6.643,-62.117,508996043,1256
ROVER,52,2772,-1,-5259.282,-4538.113,-73.04,-277298.55,8142273.11,-4.678194265,-4.733505111,137.3650723,-4428,23138.2,4940.44,5785.47,1235.62,3.543,1.172,-120.112,509361259,1260
SITE,53,-1,-1,-5225.437,-4595.182,-70.97,-277264.705,8142216.041,-4.677623279,-4.732927436,137.3641095,-4430.07,23002.82,4712.16,5751.63,1178.55,0,0,0,509536735,1262
ROVER,53,0,0,-5225.437,-4595.182,-70.97,-277264.705,8142216.041,-4.677623279,-4.732927436,137.3641095,-4430.07,23002.82,4712.16,5751.63,1178.55,-1.49,-5.315,-33.279,509536735,1262
ROVER,53,186,-1,-5222.217,-4618.523,-68.96,-277261.485,8142192.7,-4.677568956,-4.732872476,137.3637157,-4432.08,22989.94,4618.8,5748.41,1155.21,2.378,-2.985,-88.416,509710695,1264
ROVER,53,372,-1,-5233.162,-4640.051,-67.59,-277272.43,8142171.172,-4.677753605,-4.733059288,137.3633525,-4433.45,23033.72,4532.69,5759.35,1133.68,1.335,2.478,-120.814,509969455,1267
ROVER,53,636,-1,-5255.182,-4664.354,-68.42,-277294.45,8142146.869,-4.678125095,-4.733435131,137.3629425,-4432.62,23121.8,4435.48,5781.37,1109.38,-0.678,5.007,-142.862,510154344,1269
ROVER,53,1056,-1,-5283.751,-4692.1,-73.68,-277323.019,8142119.123,-4.678607072,-4.733922754,137.3624744,-4427.36,23236.08,4324.49,5809.94,1081.63,2.906,14.723,-148.713,510597732,1274
ROVER,53,1182,-1,-5284.813,-4699.023,-74.47,-277324.081,8142112.2,-4.678624988,-4.733940881,137.3623576,-4426.57,23240.32,4296.8,5811.01,1074.71,-2.023,-2.953,-20.778,510772433,1276
ROVER,53,1284,-1,-5274.279,-4707.322,-74.65,-277313.547,8142103.901,-4.678447273,-4.733761084,137.3622176,-4426.39,23198.19,4263.6,5800.47,1066.41,4.088,7.341,-39.855,511216170,1281
ROVER,53,1470,-1,-5274.12,-4726.741,-74.58,-277313.388,8142084.482,-4.678444591,-4.73375837,137.36189,-4426.46,23197.55,4185.93,5800.31,1046.99,5.201,5.746,-145.623,511303756,1282
ROVER,53,1756,-1,-5279.932,-4765.258,-73.75,-277319.2,8142045.965,-4.678542643,-4.733857571,137.3612402,-4427.29,23220.8,4031.86,5806.12,1008.47,4.884,6.065,-125.517,511391622,1283
ROVER,53,1990,-1,-5284.953,-4788.965,-73.98,-277324.221,8142022.258,-4.67862735,-4.73394327,137.3608403,-4427.06,23240.88,3937.03,5811.15,984.77,-2.217,2.993,-150.161,511485596,1284
ROVER,53,2138,-1,-5272.981,-4796.551,-74.16,-277312.249,8142014.672,-4.678425375,-4.733738929,137.3607123,-4426.88,23193,3906.69,5799.17,977.18,-5.982,-0.273,135.154,511924236,1289
ROVER,53,2298,-1,-5262.824,-4816.532,-74.37,-277302.092,8141994.691,-4.67825402,-4.733565567,137.3603752,-4426.67,23152.37,3826.76,5789.02,957.2,-5.316,0.614,138.721,512016451,1290
ROVER,53,2406,-1,-5258.788,-4819.601,-74.01,-277298.056,8141991.622,-4.678185931,-4.733496679,137.3603234,-4427.03,23136.22,3814.49,5784.98,954.13,3.842,0.463,-112.84,512191033,1292
ROVER,53,2578,-1,-5260.94,-4834.87,-73.18,-277300.208,8141976.353,-4.678222236,-4.73353341,137.3600658,-4427.86,23144.83,3753.41,5787.13,938.86,-0.398,2.553,-109.612,512369732,1294
ROVER,53,2644,-1,-5259.723,-4838.553,-73.22,-277298.991,8141972.67,-4.678201705,-4.733512638,137.3600037,-4427.82,23139.96,3738.68,5785.92,935.18,-7.219,-12.677,-69.225,512546852,1296
ROVER,53,2980,-1,-5266.162,-4873.293,-71.39,-277305.43,8141937.93,-4.678310335,-4.733622541,137.3594176,-4429.65,23165.72,3599.72,5792.35,900.44,0.015,0.772,-124.753,512725896,1298
SITE,54,-1,-1,-5270.024,-4876.749,-71.6,-277309.292,8141934.474,-4.678375489,-4.733688458,137.3593593,-4429.44,23181.17,3585.9,5796.22,896.98,0,0,0,512994673,1301
ROVER,54,0,0,-5270.024,-4876.749,-71.6,-277309.292,8141934.474,-4.678375489,-4.733688458,137.3593593,-4429.44,23181.17,3585.9,5796.22,896.98,-0.216,-1.363,-31.76,512994673,1301
ROVER,54,6,-1,-5270.024,-4876.749,-71.6,-277309.292,8141934.474,-4.678375489,-4.733688458,137.3593593,-4429.44,23181.17,3585.9,5796.22,896.98,-0.264,-1.314,-32.496,513168540,1303
ROVER,54,10,-1,-5270.024,-4876.749,-71.6,-277309.292,8141934.474,-4.678375489,-4.733688458,137.3593593,-4429.44,23181.17,3585.9,5796.22,896.98,-0.418,-1.364,-32.123,513343746,1305
ROVER,54,88,-1,-5264.647,-4881.865,-71.91,-277303.915,8141929.358,-4.678284776,-4.733596682,137.359273,-4429.13,23159.66,3565.43,5790.84,891.87,-1.314,3.89,-80.14,513701396,1309
ROVER,54,238,-1,-5267.836,-4902.131,-70.11,-277307.104,8141909.092,-4.678338576,-4.733651113,137.3589311,-4430.93,23172.42,3484.37,5794.03,871.6,1.574,-6.575,-103.174,513787990,1310
ROVER,54,388,-1,-5259.672,-4902.207,-69.86,-277298.94,8141909.016,-4.678200844,-4.733511768,137.3589298,-4431.18,23139.76,3484.06,5785.86,871.52,8.252,0.305,-142.508,513880415,1311
ROVER,54,412,-1,-5260.613,-4902.895,-69.79,-277299.881,8141908.328,-4.67821672,-4.733527829,137.3589182,-4431.25,23143.52,3481.31,5786.81,870.84,11.476,-3.36,-144.622,514229970,1315
ROVER,54,668,-1,-5266.471,-4888.561,-71.48,-277305.739,8141922.662,-4.678315548,-4.733627815,137.35916,-4429.56,23166.96,3538.65,5792.66,885.17,-9.627,2.125,-4.053,514326616,1316
ROVER,54,746,-1,-5263.223,-4884.161,-72.04,-277302.491,8141927.062,-4.678260752,-4.733572377,137.3592342,-4429,23153.96,3556.25,5789.42,889.57,3.609,-1.965,-129.779,514412842,1317
ROVER,54,938,-1,-5262.011,-4887.776,-71.75,-277301.279,8141923.447,-4.678240305,-4.73355169,137.3591733,-4429.29,23149.12,3541.79,5788.2,885.95,-2.345,4.195,58.37,515476964,1329
ROVER,54,992,-1,-5259.37,-4886.072,-71.79,-277298.638,8141925.151,-4.678195749,-4.733506613,137.359202,-4429.25,23138.55,3548.6,5785.56,887.66,4.452,1.428,-177.461,516627180,1342
ROVER,54,1238,-1,-5264.166,-4904.819,-69.8,-277303.434,8141906.404,-4.678276661,-4.733588472,137.3588857,-4431.24,23157.74,3473.62,5790.36,868.91,-4.769,-4.66,-28.913,516810584,1344
ROVER,54,1490,-1,-5258.347,-4912.501,-67.72,-277297.615,8141898.722,-4.678178491,-4.733489152,137.3587561,-4433.32,23134.46,3442.89,5784.54,861.23,2.1,0.739,-55.334,516984857,1346
ROVER,54,1586,-1,-5262.905,-4918.774,-66.55,-277302.173,8141892.449,-4.678255387,-4.733566949,137.3586503,-4434.49,23152.69,3417.8,5789.1,854.96,1.718,-1.42,-130.563,517254163,1349
ROVER,54,1610,-1,-5262.812,-4918.996,-66.55,-277302.08,8141892.227,-4.678253818,-4.733565362,137.3586466,-4434.49,23152.32,3416.91,5789,854.73,-0.166,-0.344,-75.579,517254800,1349
ROVER,54,1778,-1,-5267.131,-4925.846,-66.18,-277306.399,8141885.377,-4.678326682,-4.73363908,137.358531,-4434.86,23169.6,3389.51,5793.32,847.88,-7.112,0.544,-124.452,517518648,1352
ROVER,54,2202,-1,-5287.473,-4967.822,-66.17,-277326.741,8141843.401,-4.678669864,-4.733986282,137.3578228,-4434.87,23250.96,3221.6,5813.67,805.91,1.291,4.229,-119.373,517605427,1353
ROVER,54,2262,-1,-5287.509,-4974.725,-65.57,-277326.777,8141836.498,-4.678670471,-4.733986897,137.3577064,-4435.47,23251.11,3193.99,5813.7,799.01,8.18,-11.375,-91.309,517960322,1357
ROVER,54,2280,-1,-5285.785,-4974.62,-65.45,-277325.053,8141836.603,-4.678641386,-4.733957471,137.3577081,-4435.59,23244.21,3194.41,5811.98,799.11,-15.01,-3.817,9.209,517961071,1357
ROVER,54,2508,-1,-5317.093,-4976.241,-67.78,-277356.361,8141834.982,-4.679169571,-4.734491844,137.3576808,-4433.26,23369.44,3187.93,5843.29,797.49,-10.133,7.812,-168.939,519025954,1369
ROVER,54,2784,-1,-5342.887,-4959.409,-70.79,-277382.155,8141851.814,-4.679604732,-4.734932103,137.3579648,-4430.25,23472.62,3255.26,5869.08,814.32,4.581,1.596,163.823,519208725,1371
ROVER,54,3036,-1,-5370.516,-4947.949,-71.58,-277409.784,8141863.274,-4.68007085,-4.735403682,137.3581581,-4429.46,23583.14,3301.1,5896.71,825.78,-5.761,4.801,163.586,519391811,1373
SITE,55,-1,-1,-5388.029,-4946.165,-71.65,-277427.297,8141865.058,-4.680366305,-4.735702598,137.3581882,-4429.39,23653.19,3308.23,5914.22,827.57,0,0,0,519653759,1376
ROVER,55,0,0,-5388.029,-4946.165,-71.65,-277427.297,8141865.058,-4.680366305,-4.735702598,137.3581882,-4429.39,23653.19,3308.23,5914.22,827.57,-0.872,-5.124,178.342,519653759,1376
ROVER,55,264,-1,-5425.261,-4951.34,-72.2,-277464.529,8141859.883,-4.680994431,-4.736338084,137.3581009,-4428.84,23802.12,3287.53,5951.45,822.39,7.99,3.307,-161.094,519836492,1378
ROVER,55,310,-1,-5429.877,-4952.966,-72.39,-277469.145,8141858.257,-4.681072306,-4.736416871,137.3580735,-4428.65,23820.58,3281.03,5956.07,820.76,7.469,10.954,159.413,519837116,1378
ROVER,55,538,-1,-5459.46,-4960.693,-73.09,-277498.728,8141850.53,-4.681571389,-4.736921801,137.3579431,-4427.95,23938.91,3250.12,5985.65,813.04,3.491,7.762,-165.199,520270844,1383
ROVER,55,940,-1,-5508.322,-4996.15,-74.69,-277547.59,8141815.073,-4.68239572,-4.73775579,137.3573449,-4426.35,24134.36,3108.29,6034.51,777.58,3.644,4.311,-156.913,520358499,1384
ROVER,55,1312,-1,-5573.781,-4987.331,-79.3,-277613.049,8141823.892,-4.683500053,-4.738873061,137.3574937,-4421.74,24396.2,3143.57,6099.97,786.4,6.388,1.195,164.427,520446188,1385
ROVER,55,1336,-1,-5574.998,-4987.047,-79.35,-277614.266,8141824.176,-4.683520585,-4.738893833,137.3574985,-4421.69,24401.06,3144.7,6101.19,786.68,6.68,1.736,167.09,520541976,1386
ROVER,55,1420,-1,-5587.564,-4988.297,-80.44,-277626.832,8141822.926,-4.683732581,-4.739108313,137.3574774,-4420.6,24451.33,3139.7,6113.76,785.43,11.018,4.295,-173.628,520627707,1387
ROVER,55,1864,-1,-5617.482,-5035.882,-81.72,-277656.75,8141775.341,-4.684237315,-4.739618961,137.3566746,-4419.32,24571,2949.36,6143.67,737.85,4.422,8.858,-153.241,521604504,1398
ROVER,55,2098,-1,-5637.689,-5059.555,-80.45,-277676.957,8141751.668,-4.68457822,-4.739963859,137.3562752,-4420.59,24651.83,2854.67,6163.88,714.18,7.236,-3.001,-119.82,521691846,1399
ROVER,55,2222,-1,-5646.103,-5065.111,-80.73,-277685.371,8141746.112,-4.684720166,-4.740107468,137.3561815,-4420.31,24685.48,2832.45,6172.3,708.62,1.299,3.615,-141.693,521776858,1400
ROVER,55,2444,-1,-5670.593,-5068.117,-83.71,-277709.861,8141743.106,-4.68513333,-4.740525473,137.3561308,-4417.33,24783.44,2820.42,6196.79,705.61,1.944,-9.288,-24.74,521868028,1401
SITE,56,-1,-1,-5673.371,-5095.352,-83.14,-277712.639,8141715.871,-4.685180197,-4.740572888,137.3556713,-4417.9,24794.56,2711.48,6199.56,678.38,0,0,0,522233528,1405
ROVER,56,0,68,-5673.371,-5095.352,-83.14,-277712.639,8141715.871,-4.685180197,-4.740572888,137.3556713,-4417.9,24794.56,2711.48,6199.56,678.38,-0.984,4.814,-42.012,522233528,1405
ROVER,56,462,-1,-5719.717,-5130.986,-85.34,-277758.985,8141680.237,-4.685962082,-4.741363933,137.3550702,-4415.7,24979.94,2568.95,6245.91,642.74,-0.713,5.634,-170.363,522668767,1410
ROVER,56,774,-1,-5760.044,-5151.168,-88.77,-277799.312,8141660.055,-4.686642423,-4.742052245,137.3547297,-4412.27,25141.25,2488.22,6286.24,622.56,-2.412,12.883,-161.592,522844106,1412
ROVER,56,1122,-1,-5790.915,-5171.289,-90.22,-277830.183,8141639.934,-4.687163235,-4.742579159,137.3543902,-4410.82,25264.73,2407.74,6317.11,602.44,0.137,6.939,152.669,523024482,1414
ROVER,56,1236,-1,-5792.195,-5166.297,-90.66,-277831.463,8141644.926,-4.687184829,-4.742601006,137.3544744,-4410.38,25269.85,2427.7,6318.39,607.43,-4.367,-6.098,-28.615,523286624,1417
ROVER,56,1326,-1,-5803.087,-5167.722,-91.44,-277842.355,8141643.501,-4.687368584,-4.742786913,137.3544504,-4409.6,25313.42,2422,6329.28,606.01,3.082,8.064,-174.989,524176670,1427
ROVER,56,1632,-1,-5836.506,-5192.816,-93.34,-277875.774,8141618.407,-4.687932383,-4.743357317,137.3540271,-4407.7,25447.1,2321.63,6362.7,580.91,3.747,4.553,-128.254,524264046,1428
ROVER,56,2034,-1,-5880.309,-5219.256,-95.63,-277919.577,8141591.967,-4.688671366,-4.744104958,137.353581,-4405.41,25622.31,2215.87,6406.5,554.47,-0.56,7.75,-167.442,524533714,1431
ROVER,56,2428,-1,-5916.21,-5228.086,-97.17,-277955.478,8141583.137,-4.689277037,-4.744717725,137.353432,-4403.87,25765.91,2180.55,6442.4,545.64,-2.466,2.636,170.696,524621018,1432
SITE,57,-1,-1,-5968.495,-5231.613,-99.71,-278007.763,8141579.61,-4.690159117,-4.745610138,137.3533725,-4401.33,25975.05,2166.44,6494.69,542.12,0,0,0,524708585,1433
ROVER,57,0,12,-5968.495,-5231.613,-99.71,-278007.763,8141579.61,-4.690159117,-4.745610138,137.3533725,-4401.33,25975.05,2166.44,6494.69,542.12,1.393,7.023,179.498,524708585,1433
ROVER,57,462,-1,-6022.592,-5263.475,-102.41,-278061.86,8141547.748,-4.691071766,-4.746533479,137.352835,-4398.63,26191.44,2038.99,6548.78,510.26,3.437,9.646,-150.953,524888289,1435
ROVER,57,774,-1,-6062.544,-5267.866,-103.98,-278101.812,8141543.357,-4.691745781,-4.74721539,137.3527609,-4397.06,26351.25,2021.43,6588.74,505.86,-4.302,2.015,149.336,525148690,1438
ROVER,57,1020,-1,-6089.515,-5247.609,-107.27,-278128.783,8141563.614,-4.692200798,-4.747675737,137.3531027,-4393.77,26459.13,2102.46,6615.71,526.12,-0.741,7.062,150.004,525240820,1439
ROVER,57,1392,-1,-6140.109,-5253.704,-112.21,-278179.377,8141557.519,-4.693054349,-4.748539288,137.3529998,-4388.83,26661.51,2078.08,6666.3,520.03,7.643,6.16,-163.813,525867649,1446
ROVER,57,1942,-1,-6206.432,-5246.08,-117.25,-278245.7,8141565.143,-4.694173258,-4.749671305,137.3531285,-4383.79,26926.8,2108.57,6732.62,527.65,2.531,9.301,154.33,526051953,1448
ROVER,57,2296,-1,-6241.99,-5228.849,-122.2,-278281.258,8141582.374,-4.694773143,-4.750278218,137.3534192,-4378.84,27069.03,2177.5,6768.18,544.88,3.83,-0.912,154.96,526398090,1452
ROVER,57,2582,-1,-6278.453,-5245.504,-120.96,-278317.721,8141565.719,-4.695388296,-4.750900577,137.3531382,-4380.08,27214.88,2110.88,6804.65,528.23,7.835,0.704,-144.283,526583050,1454
ROVER,57,2798,-1,-6267.424,-5253.315,-121.58,-278306.692,8141557.908,-4.69520223,-4.750712331,137.3530064,-4379.46,27170.77,2079.63,6793.62,520.42,-4.599,5.436,-72.081,526661784,1455
SITE,58,-1,-1,-6330.624,-5211.168,-125.23,-278369.892,8141600.055,-4.696268452,-4.751791044,137.3537174,-4375.81,27423.57,2248.22,6856.82,562.56,0,0,0,527820391,1468
ROVER,58,0,0,-6330.624,-5211.168,-125.23,-278369.892,8141600.055,-4.696268452,-4.751791044,137.3537174,-4375.81,27423.57,2248.22,6856.82,562.56,2.17,8.646,100.704,527820391,1468
ROVER,58,264,-1,-6353.003,-5186.79,-126.64,-278392.271,8141624.433,-4.696646,-4.752173014,137.3541287,-4374.4,27513.08,2345.73,6879.2,586.94,-2.166,9.104,139.218,527905852,1469
ROVER,58,642,-1,-6378.264,-5161.027,-128.36,-278417.532,8141650.196,-4.697072168,-4.752604175,137.3545634,-4372.68,27614.13,2448.78,6904.46,612.7,-1.966,6.578,142.505,528085722,1471
ROVER,58,774,-1,-6392.496,-5153.222,-129.81,-278431.764,8141658.001,-4.69731227,-4.75284709,137.354695,-4371.23,27671.06,2480,6918.69,620.51,2.194,9.801,141.961,528261656,1473
ROVER,58,912,-1,-6407.628,-5159.044,-130.96,-278446.896,8141652.179,-4.697567556,-4.753105367,137.3545968,-4370.08,27731.58,2456.72,6933.82,614.69,3.348,8.123,-167.706,528440004,1475
ROVER,58,1002,-1,-6420.159,-5158.466,-132.23,-278459.427,8141652.757,-4.697778962,-4.753319249,137.3546066,-4368.81,27781.71,2459.03,6946.35,615.26,1.416,4.85,179.56,528703116,1478
ROVER,58,1248,-1,-6455.147,-5157.094,-133.97,-278494.415,8141654.129,-4.698369231,-4.753916432,137.3546297,-4367.07,27921.66,2464.52,6981.34,616.64,2.258,7.905,178.798,528892542,1480
ROVER,58,1572,-1,-6490.808,-5141.587,-136.75,-278530.076,8141669.636,-4.698970853,-4.754525103,137.3548913,-4364.29,28064.3,2526.54,7017,632.14,1.993,10.674,150.062,529067690,1482
ROVER,58,1836,-1,-6523.12,-5124.985,-139.73,-278562.388,8141686.238,-4.699515976,-4.755076611,137.3551714,-4361.31,28193.55,2592.95,7049.31,648.75,3.435,3.989,160.981,529326729,1485
ROVER,58,1986,-1,-6530.881,-5140.695,-140.5,-278570.149,8141670.528,-4.699646909,-4.755209078,137.3549064,-4360.54,28224.6,2530.11,7057.07,633.04,8.299,2.155,-116.958,529503016,1487
ROVER,58,2046,-1,-6528.289,-5138.19,-140.23,-278567.557,8141673.033,-4.69960318,-4.755164837,137.3549486,-4360.81,28214.23,2540.13,7054.48,635.54,6.253,-6.798,-82.518,529681275,1489
ROVER,58,2136,-1,-6538.465,-5142.678,-141.2,-278577.733,8141668.545,-4.699774856,-4.755338523,137.3548729,-4359.84,28254.93,2522.18,7064.66,631.05,5.184,1.432,-147.547,530565644,1499
ROVER,58,2394,-1,-6560.649,-5129.835,-142.31,-278599.917,8141681.388,-4.700149113,-4.755717165,137.3550896,-4358.73,28343.67,2573.55,7086.84,643.9,-7.388,0.657,98.596,530659976,1500
ROVER,58,2760,-1,-6601.025,-5110.644,-146.11,-278640.293,8141700.579,-4.700830281,-4.756406312,137.3554133,-4354.93,28505.17,2650.32,7127.22,663.09,2.386,12.61,150.501,530747327,1501
ROVER,58,2946,-1,-6610.197,-5087.858,-147.2,-278649.465,8141723.365,-4.700985018,-4.756562862,137.3557978,-4353.84,28541.86,2741.46,7136.39,685.87,-0.597,4.5,133.991,530834259,1502
SITE,59,-1,-1,-6644.383,-5073.133,-149.23,-278683.651,8141738.09,-4.701561756,-4.757146357,137.3560462,-4351.81,28678.6,2800.36,7170.58,700.6,0,0,0,530924126,1503
ROVER,59,0,30,-6644.383,-5073.133,-149.23,-278683.651,8141738.09,-4.701561756,-4.757146357,137.3560462,-4351.81,28678.6,2800.36,7170.58,700.6,4.316,10.411,156.368,530924126,1503
ROVER,59,372,-1,-6695.368,-5074.409,-152.43,-278734.636,8141736.814,-4.702421904,-4.758016581,137.3560246,-4348.61,28882.54,2795.26,7221.56,699.32,0.113,9.569,-175.063,531191411,1506
ROVER,59,612,-1,-6718.687,-5086.263,-151.53,-278757.955,8141724.96,-4.70281531,-4.758414595,137.3558247,-4349.51,28975.82,2747.84,7244.88,687.47,5.266,-2.7,-139.772,531279406,1507
ROVER,59,936,-1,-6756.369,-5105.717,-150.07,-278795.637,8141705.506,-4.703451028,-4.75905776,137.3554965,-4350.97,29126.55,2670.02,7282.56,668.01,3.841,-1.085,-147.178,531368137,1508
ROVER,59,1260,-1,-6794.565,-5102.499,-151.26,-278833.833,8141708.724,-4.704095418,-4.759709698,137.3555508,-4349.78,29279.33,2682.9,7320.76,671.23,2.966,3.222,-178.388,531464980,1509
ROVER,59,1596,-1,-6834.503,-5090.428,-154.58,-278873.771,8141720.795,-4.704769196,-4.760391369,137.3557544,-4346.46,29439.08,2731.18,7360.7,683.3,0.777,7.903,161.2,531734025,1512
ROVER,59,1998,-1,-6866.676,-5065.387,-157.67,-278905.944,8141745.836,-4.705311974,-4.760940505,137.3561769,-4343.37,29567.78,2831.34,7392.87,708.34,4.508,3.51,159.944,531909892,1514
ROVER,59,2242,-1,-6889.184,-5066.297,-159.42,-278928.452,8141744.926,-4.705691697,-4.761324677,137.3561615,-4341.62,29657.81,2827.7,7415.38,707.43,-3.069,7.216,137.77,532079878,1516
ROVER,59,2578,-1,-6915.718,-5047.864,-163.12,-278954.986,8141763.359,-4.706139342,-4.761777565,137.3564725,-4337.92,29763.94,2901.44,7441.91,725.87,-8.787,11.194,79.133,532341766,1519
ROVER,59,2668,-1,-6917.9,-5037.18,-164.68,-278957.168,8141774.043,-4.706176154,-4.761814808,137.3566527,-4336.36,29772.67,2944.17,7444.09,736.55,0.648,6.69,109.965,532524470,1521
ROVER,59,2830,-1,-6926.58,-5034.309,-165.24,-278965.848,8141776.914,-4.706322591,-4.76196296,137.3567012,-4335.8,29807.39,2955.66,7452.77,739.42,-6.312,6.828,95.662,532962043,1526
ROVER,59,3004,-1,-6919.362,-5032.785,-165.29,-278958.63,8141778.438,-4.706200818,-4.761839762,137.3567269,-4335.75,29778.52,2961.75,7445.55,740.95,0.245,1.634,-121.366,535358623,1553
ROVER,59,3016,-1,-6919.312,-5032.742,-165.29,-278958.58,8141778.481,-4.706199975,-4.761838908,137.3567276,-4335.75,29778.32,2961.92,7445.5,740.99,0.595,0.855,-116.927,535548577,1555
